complete_bytes,complete_stream_tokens,grammar_valid,graph_id,identifier_bytes,identifier_tokens,payload_bytes,payload_roundtrip,raw_token_roundtrip
4946.0,81,1.0,imdb-binary_0094,260.0,16,2628.0,1.0,1.0
24392.0,312,1.0,imdb-binary_0014,1075.0,66,12588.0,1.0,1.0
3062.0,46,1.0,imdb-binary_0963,144.0,9,1819.0,1.0,1.0
4204.0,60,1.0,imdb-binary_0149,188.0,12,2321.0,1.0,1.0
2973.0,93,1.0,imdb-binary_0421,309.0,19,1318.0,1.0,1.0
4597.0,60,1.0,imdb-binary_0765,193.0,12,2461.0,1.0,1.0
6123.0,79,1.0,imdb-binary_0199,260.0,16,3322.0,1.0,1.0
7444.0,102,1.0,imdb-binary_0098,340.0,21,3901.0,1.0,1.0
19144.0,261,1.0,imdb-binary_0379,897.0,55,9179.0,1.0,1.0
9973.0,130,1.0,imdb-binary_0988,438.0,27,5071.0,1.0,1.0
9791.0,135,1.0,imdb-binary_0272,456.0,28,4778.0,1.0,1.0
9437.0,130,1.0,imdb-binary_0664,438.0,27,4761.0,1.0,1.0
4990.0,65,1.0,imdb-binary_0065,211.0,13,2748.0,1.0,1.0
3905.0,46,1.0,imdb-binary_0858,144.0,9,2249.0,1.0,1.0
29690.0,583,1.0,imdb-binary_0745,1968.0,121,12013.0,1.0,1.0
3411.0,60,1.0,imdb-binary_0913,193.0,12,1901.0,1.0,1.0
7779.0,237,1.0,imdb-binary_0187,799.0,49,2824.0,1.0,1.0
2973.0,93,1.0,imdb-binary_0463,309.0,19,1318.0,1.0,1.0
9981.0,130,1.0,imdb-binary_0265,438.0,27,5292.0,1.0,1.0
4796.0,60,1.0,imdb-binary_0527,193.0,12,2685.0,1.0,1.0
