dataset,graphs,supervised_y_graphs,supervised_task_available,structural_task_available,domains,directed
ast_cfg_cpg,8,0,False,False,['program'],True
cifar10_sp,60,0,False,True,['community'],False
citeseer,60,0,False,True,['citation_social'],False
collab,60,0,False,True,['citation_social'],False
cora,60,0,False,True,['citation_social'],False
enzymes,60,0,False,True,['biology'],False
fb15k_237,60,0,False,True,['knowledge_graph'],True
ieee_power_grid,3,0,False,False,['power_grid'],False
imdb_binary,60,0,False,True,['citation_social'],False
mnist_sp,60,0,False,True,['community'],False
mutag,60,0,False,True,['molecule'],False
ogbg_code2,8,0,False,False,['program'],False
ogbg_molhiv,60,0,False,True,['molecule'],False
ogbg_molpcba,60,0,False,True,['molecule'],False
ogbg_ppa,8,0,False,False,['biology'],False
ogbn_arxiv,60,0,False,True,['citation'],True
proteins,57,0,False,True,['biology'],False
pubmed,60,0,False,True,['citation_social'],False
road_networks,8,0,False,False,['infrastructure'],False
synthetic_stress,42,0,False,True,['synthetic_stress'],True
wn18rr,60,0,False,True,['knowledge_graph'],True
