dataset,epochs_ran,graphs_test,graphs_train,parameters,seed,test_discarded_fraction,test_mae,test_r2,test_rmse,test_truncation_rate,view,view_sha1
cifar10_sp,12,9,42,263393,2026,0.08662041625371655,0.026372432708740234,-0.08983466098583093,0.034410113349779524,1.0,edge_list,d62f3589a32bc250563cd49fae92218cfc9446d1
cifar10_sp,6,9,42,263393,2027,0.08662041625371655,0.026351504855685763,-0.06194699575838136,0.03396700189980416,1.0,edge_list,d62f3589a32bc250563cd49fae92218cfc9446d1
cifar10_sp,9,9,42,263393,2028,0.08662041625371655,0.027090973324245878,-0.10515655099908638,0.034651153500461336,1.0,edge_list,d62f3589a32bc250563cd49fae92218cfc9446d1
citeseer,11,9,42,90689,2026,0.0,0.15242560704549155,0.011358109127860616,0.20134453385142878,0.0,edge_list,2a5900e8ea235e9a5d30368e8775d949e5233ec2
citeseer,7,9,42,90689,2027,0.0,0.1427992714775933,0.04681918087050152,0.19770059972521573,0.0,edge_list,2a5900e8ea235e9a5d30368e8775d949e5233ec2
citeseer,12,9,42,90689,2028,0.0,0.1493078867594401,0.002962760389150887,0.2021976153391144,0.0,edge_list,2a5900e8ea235e9a5d30368e8775d949e5233ec2
collab,5,9,42,327361,2026,0.37037037037037035,0.3510297139485677,-0.0724214218522421,0.4122353752966761,0.6666666666666666,edge_list,c98bf5407aca53a682efb835542211c1c527057e
collab,12,9,42,327361,2027,0.37037037037037035,0.33043132887946236,0.017619424857959087,0.394550320294082,0.6666666666666666,edge_list,c98bf5407aca53a682efb835542211c1c527057e
collab,5,9,42,327361,2028,0.37037037037037035,0.3494928412967258,-0.22153989126857265,0.4399631918296968,0.6666666666666666,edge_list,c98bf5407aca53a682efb835542211c1c527057e
cora,12,9,42,87745,2026,0.0,0.18727917141384548,-0.05035237578289942,0.30825208203689747,0.0,edge_list,b415ceba205b8e429b526af29f7a8ec926801802
cora,5,9,42,87745,2027,0.0,0.19304360283745658,-0.09509965300663503,0.3147497024883251,0.0,edge_list,b415ceba205b8e429b526af29f7a8ec926801802
cora,12,9,42,87745,2028,0.0,0.20312447018093532,-0.0716927923598738,0.3113677744817967,0.0,edge_list,b415ceba205b8e429b526af29f7a8ec926801802
enzymes,12,9,42,51201,2026,0.0,0.3292588127983941,-0.21009946643451927,0.4511383410447936,0.0,edge_list,84542be8a6437ec11ac158e2c4d3958053232696
enzymes,5,9,42,51201,2027,0.0,0.32333795229593915,-0.013851970254924906,0.41293954813678324,0.0,edge_list,84542be8a6437ec11ac158e2c4d3958053232696
enzymes,5,9,42,51201,2028,0.0,0.3708638879987929,-0.5113478653633079,0.5041751334839578,0.0,edge_list,84542be8a6437ec11ac158e2c4d3958053232696
fb15k_237,8,9,42,135201,2026,0.015425297487880123,0.032641993628607854,0.0,0.03614905450526998,0.1111111111111111,edge_list,446989703b9d0209c30149185c17645608c64bf1
fb15k_237,9,9,42,135201,2027,0.015425297487880123,0.023177941640218098,0.0,0.03115845034874953,0.1111111111111111,edge_list,446989703b9d0209c30149185c17645608c64bf1
fb15k_237,12,9,42,135201,2028,0.015425297487880123,0.01743136511908637,0.0,0.026350261410666643,0.1111111111111111,edge_list,446989703b9d0209c30149185c17645608c64bf1
imdb_binary,12,9,42,55553,2026,0.0,0.3838609324561225,-0.08941688184762775,0.5283338276797065,0.0,edge_list,2e242bfa61f95496befe55dce22c0188f6930e27
imdb_binary,12,9,42,55553,2027,0.0,0.3642594814300537,-0.047180038384329936,0.5179907986757254,0.0,edge_list,2e242bfa61f95496befe55dce22c0188f6930e27
imdb_binary,5,9,42,55553,2028,0.0,0.37313230832417804,-0.026822639668434567,0.5129311632274277,0.0,edge_list,2e242bfa61f95496befe55dce22c0188f6930e27
mnist_sp,5,9,42,119617,2026,0.0,0.06758965386284722,-0.11610722153435504,0.14349664166520146,0.0,edge_list,44da894a0325bfae0b8301ef7bb3fd19744bc506
mnist_sp,5,9,42,119617,2027,0.0,0.06981531778971355,-0.08493512926747981,0.1414785707508545,0.0,edge_list,44da894a0325bfae0b8301ef7bb3fd19744bc506
mnist_sp,12,9,42,119617,2028,0.0,0.06817913055419922,-0.10826880247505688,0.14299186551178358,0.0,edge_list,44da894a0325bfae0b8301ef7bb3fd19744bc506
mutag,12,9,42,36129,2026,0.0,0.1674276457892524,0.11034083629498259,0.19629372391064023,0.0,edge_list,251a84101f5934fc7fd4754caab49a1fba695cb2
mutag,12,9,42,36129,2027,0.0,0.15768183602227104,0.21929248157255266,0.18388180865350842,0.0,edge_list,251a84101f5934fc7fd4754caab49a1fba695cb2
mutag,5,9,42,36129,2028,0.0,0.1736169391208225,0.027369318449714464,0.20524310137143204,0.0,edge_list,251a84101f5934fc7fd4754caab49a1fba695cb2
ogbg_molhiv,12,9,42,37217,2026,0.0,0.31120668517218697,0.21652318386773695,0.36787091153359486,0.0,edge_list,5dd65601043a81cda800651d76088dcb560d5c27
ogbg_molhiv,12,9,42,37217,2027,0.0,0.30275490548875594,0.20928501560903212,0.3695662966842348,0.0,edge_list,5dd65601043a81cda800651d76088dcb560d5c27
ogbg_molhiv,12,9,42,37217,2028,0.0,0.2942660119798448,0.29082895056032854,0.349991802614266,0.0,edge_list,5dd65601043a81cda800651d76088dcb560d5c27
ogbg_molpcba,12,9,42,39457,2026,0.0,0.13096430566575792,0.18678946867504154,0.16015112511526072,0.0,edge_list,3c29ca6f683df40a8e1bf4163ce7461e9c0320f8
ogbg_molpcba,5,9,42,39457,2027,0.0,0.1553857061598036,-0.020004368119844518,0.17936161790420563,0.0,edge_list,3c29ca6f683df40a8e1bf4163ce7461e9c0320f8
ogbg_molpcba,5,9,42,39457,2028,0.0,0.16265485021803114,-0.09132530121694393,0.18552635362295747,0.0,edge_list,3c29ca6f683df40a8e1bf4163ce7461e9c0320f8
ogbn_arxiv,12,9,42,159713,2026,0.04353741496598639,0.034917725457085505,0.0,0.04023018620581714,0.2222222222222222,edge_list,8f55213cb3ba128cb8fe85dde161c5ee94d5327b
ogbn_arxiv,5,9,42,159713,2027,0.04353741496598639,0.03079276614718967,0.0,0.03672120635359362,0.2222222222222222,edge_list,8f55213cb3ba128cb8fe85dde161c5ee94d5327b
ogbn_arxiv,11,9,42,159713,2028,0.04353741496598639,0.0486556159125434,0.0,0.06017848578278663,0.2222222222222222,edge_list,8f55213cb3ba128cb8fe85dde161c5ee94d5327b
proteins,12,8,40,79873,2026,0.0,0.5794082581996918,-0.007513357456776726,0.7225379045840943,0.0,edge_list,ef58360c580164e59d749a63c7fff869f44bfb49
proteins,12,8,40,79873,2027,0.0,0.5537743866443634,0.04123704893672475,0.7048405001263283,0.0,edge_list,ef58360c580164e59d749a63c7fff869f44bfb49
proteins,12,8,40,79873,2028,0.0,0.6139837801456451,-0.06372777453327538,0.7424213943721076,0.0,edge_list,ef58360c580164e59d749a63c7fff869f44bfb49
pubmed,9,9,42,94657,2026,0.0,0.05021540323893229,0.0,0.054503498864354065,0.0,edge_list,3750d286378e438f80f8410f27e2b70fea99a0be
pubmed,7,9,42,94657,2027,0.0,0.056227525075276695,0.0,0.06270842261423347,0.0,edge_list,3750d286378e438f80f8410f27e2b70fea99a0be
pubmed,8,9,42,94657,2028,0.0,0.028501775529649522,0.0,0.03271683612385679,0.0,edge_list,3750d286378e438f80f8410f27e2b70fea99a0be
synthetic_stress,5,7,29,35681,2026,0.0,0.16536808013916016,0.06917671763807498,0.18196708176071746,0.0,edge_list,936164b821c67c896f7891bbb467c1f29b2e3320
synthetic_stress,12,7,29,35681,2027,0.0,0.18885578427995955,-0.18041206029281365,0.20491607583439794,0.0,edge_list,936164b821c67c896f7891bbb467c1f29b2e3320
synthetic_stress,5,7,29,35681,2028,0.0,0.18576713970729283,-0.43769592272080504,0.22614798995942467,0.0,edge_list,936164b821c67c896f7891bbb467c1f29b2e3320
wn18rr,9,9,42,42817,2026,0.0,0.04131719801161024,0.0,0.043755525950024805,0.0,edge_list,6764f0e6ba3d07720ec663b664a7778f54317293
wn18rr,10,9,42,42817,2027,0.0,0.03606854544745551,0.0,0.04225636815266846,0.0,edge_list,6764f0e6ba3d07720ec663b664a7778f54317293
wn18rr,8,9,42,42817,2028,0.0,0.044532563951280385,0.0,0.061593430244552966,0.0,edge_list,6764f0e6ba3d07720ec663b664a7778f54317293
cifar10_sp,8,9,42,830657,2026,0.22632639355271994,0.02655596203274197,-0.09295977615573481,0.03445941375813173,1.0,rps_gtok_plus,d45635e8f66140717e687eedd739039a2b1e0f0b
cifar10_sp,12,9,42,830657,2027,0.22632639355271994,0.026814036899142794,-0.09454392694529767,0.034484377687522744,1.0,rps_gtok_plus,d45635e8f66140717e687eedd739039a2b1e0f0b
cifar10_sp,11,9,42,830657,2028,0.22632639355271994,0.027264012230767146,-0.14709585765884237,0.03530251538242639,1.0,rps_gtok_plus,d45635e8f66140717e687eedd739039a2b1e0f0b
citeseer,12,9,42,347105,2026,0.0,0.15842003292507595,-0.0018899040563595815,0.20268907450642795,0.0,rps_gtok_plus,1a87178b35ca72043fbd542c61bfdd0dbf2b45f6
citeseer,5,9,42,347105,2027,0.0,0.15614822175767687,-0.03386421934559092,0.2058979829535796,0.0,rps_gtok_plus,1a87178b35ca72043fbd542c61bfdd0dbf2b45f6
citeseer,12,9,42,347105,2028,0.0,0.15016990237765843,-0.02570549057153504,0.20508395289570494,0.0,rps_gtok_plus,1a87178b35ca72043fbd542c61bfdd0dbf2b45f6
collab,5,9,42,266241,2026,0.052819698173153296,0.3399639394548204,-0.002609675436060277,0.398591894304046,0.1111111111111111,rps_gtok_plus,34d874ba2c4790a7452c7401d36870813e86ae3d
collab,12,9,42,266241,2027,0.052819698173153296,0.33576785193549263,0.06010550573932094,0.3859242508949882,0.1111111111111111,rps_gtok_plus,34d874ba2c4790a7452c7401d36870813e86ae3d
collab,5,9,42,266241,2028,0.052819698173153296,0.3426300949520535,-0.03078432282672572,0.4041535700236828,0.1111111111111111,rps_gtok_plus,34d874ba2c4790a7452c7401d36870813e86ae3d
cora,5,9,42,300033,2026,0.0,0.2015819549560547,-0.04619087631948737,0.30764082812235266,0.0,rps_gtok_plus,9a0e3f5562882a86e44311f88f682d45b0016398
cora,5,9,42,300033,2027,0.0,0.17637326982286242,-0.20748898815063632,0.33050656996253497,0.0,rps_gtok_plus,9a0e3f5562882a86e44311f88f682d45b0016398
cora,5,9,42,300033,2028,0.0,0.18227614296807182,-0.19269976127591604,0.32847632545472016,0.0,rps_gtok_plus,9a0e3f5562882a86e44311f88f682d45b0016398
enzymes,10,9,42,144865,2026,0.0,0.34835179646809894,-0.2886556900787669,0.4655514153790174,0.0,rps_gtok_plus,9fc9a969a1be1bc1c94027935964d88a018b53fa
enzymes,5,9,42,144865,2027,0.0,0.35668007532755536,-0.28324101649315225,0.4645723088059259,0.0,rps_gtok_plus,9fc9a969a1be1bc1c94027935964d88a018b53fa
enzymes,5,9,42,144865,2028,0.0,0.3526497681935628,-0.25045629802384406,0.4585993793082438,0.0,rps_gtok_plus,9fc9a969a1be1bc1c94027935964d88a018b53fa
fb15k_237,7,9,42,271873,2026,0.0,0.04083405600653754,0.0,0.052114100059800134,0.0,rps_gtok_plus,fcc15ceb50b25655d7af588e6cf1df90f23f4e31
fb15k_237,12,9,42,271873,2027,0.0,0.02185768551296658,0.0,0.030440512818421955,0.0,rps_gtok_plus,fcc15ceb50b25655d7af588e6cf1df90f23f4e31
fb15k_237,12,9,42,271873,2028,0.0,0.053230073716905385,0.0,0.06458574167612069,0.0,rps_gtok_plus,fcc15ceb50b25655d7af588e6cf1df90f23f4e31
imdb_binary,5,9,42,80705,2026,0.0,0.3685006830427382,0.03923890737783131,0.49615694113434666,0.0,rps_gtok_plus,cc2c1ddbbfe3d078fcc2cf3cc215ff947d9b072b
imdb_binary,12,9,42,80705,2027,0.0,0.3679700957404243,0.04815401109289985,0.4938496039257747,0.0,rps_gtok_plus,cc2c1ddbbfe3d078fcc2cf3cc215ff947d9b072b
imdb_binary,5,9,42,80705,2028,0.0,0.3795015811920166,-0.03819487890074669,0.5157637428942559,0.0,rps_gtok_plus,cc2c1ddbbfe3d078fcc2cf3cc215ff947d9b072b
mnist_sp,12,9,42,533313,2026,0.0,0.06965038511488172,-0.10306880417499875,0.14265601210637097,0.0,rps_gtok_plus,aed3f50f002fee21eb595d74822d30dcddb24ac4
mnist_sp,5,9,42,533313,2027,0.0,0.07260905371771918,-0.2593717750088058,0.1524283525926447,0.0,rps_gtok_plus,aed3f50f002fee21eb595d74822d30dcddb24ac4
mnist_sp,5,9,42,533313,2028,0.0,0.07035838233100043,-0.13008206900377117,0.1443922121700542,0.0,rps_gtok_plus,aed3f50f002fee21eb595d74822d30dcddb24ac4
mutag,5,9,42,66497,2026,0.0,0.1734252240922716,0.03916319652981726,0.20399494267934892,0.0,rps_gtok_plus,a4c2f65f860758babcf08c3f9095ee21ae91c376
mutag,12,9,42,66497,2027,0.0,0.17300603124830458,0.03688370147683928,0.20423677874985158,0.0,rps_gtok_plus,a4c2f65f860758babcf08c3f9095ee21ae91c376
mutag,11,9,42,66497,2028,0.0,0.17940979533725315,-0.00022742993346902551,0.2081344482598007,0.0,rps_gtok_plus,a4c2f65f860758babcf08c3f9095ee21ae91c376
ogbg_molhiv,6,9,42,73665,2026,0.0,0.33191831906636554,-0.07011389686901937,0.42992962859808115,0.0,rps_gtok_plus,40e0adf5132cb8c918ad3cd4e8b88bd8049ed7b6
ogbg_molhiv,12,9,42,73665,2027,0.0,0.34324222140842015,-0.004010356430231843,0.4164390718469163,0.0,rps_gtok_plus,40e0adf5132cb8c918ad3cd4e8b88bd8049ed7b6
ogbg_molhiv,5,9,42,73665,2028,0.0,0.33972210354275173,-0.0591377904213477,0.4277190618727348,0.0,rps_gtok_plus,40e0adf5132cb8c918ad3cd4e8b88bd8049ed7b6
ogbg_molpcba,5,9,42,97409,2026,0.0,0.1633788744608561,-0.09416576942797472,0.18576763789068712,0.0,rps_gtok_plus,b7034274e45aa30b23e095d26d2902e0bfe15924
ogbg_molpcba,11,9,42,97409,2027,0.0,0.1535191535949707,-0.015270029277537844,0.1789448813026138,0.0,rps_gtok_plus,b7034274e45aa30b23e095d26d2902e0bfe15924
ogbg_molpcba,5,9,42,97409,2028,0.0,0.15386817190382215,-0.02794921269843953,0.18005878947235768,0.0,rps_gtok_plus,b7034274e45aa30b23e095d26d2902e0bfe15924
ogbn_arxiv,9,9,42,465633,2026,0.0,0.06454441282484266,0.0,0.06570713201065487,0.0,rps_gtok_plus,ba133811e8dfd11f4d27de8f9148a60fb25bab94
ogbn_arxiv,12,9,42,465633,2027,0.0,0.010268211364746094,0.0,0.012933285481559767,0.0,rps_gtok_plus,ba133811e8dfd11f4d27de8f9148a60fb25bab94
ogbn_arxiv,7,9,42,465633,2028,0.0,0.06019809510972765,0.0,0.06842502530942038,0.0,rps_gtok_plus,ba133811e8dfd11f4d27de8f9148a60fb25bab94
proteins,12,8,40,224097,2026,0.13211382113821138,0.5894423127174377,-0.03086209039485799,0.7308622210456741,0.125,rps_gtok_plus,c8d1a08d3b1cca4cc567d11349abd234f5632b50
proteins,12,8,40,224097,2027,0.13211382113821138,0.5756634473800659,-0.0039367353985111375,0.7212542776458462,0.125,rps_gtok_plus,c8d1a08d3b1cca4cc567d11349abd234f5632b50
proteins,7,8,40,224097,2028,0.13211382113821138,0.574444979429245,-0.07215101178907157,0.7453550680743559,0.125,rps_gtok_plus,c8d1a08d3b1cca4cc567d11349abd234f5632b50
pubmed,8,9,42,259745,2026,0.0,0.23205894894070095,0.0,0.23452370807411976,0.0,rps_gtok_plus,56bc815ebd79f8afeae47a1dcc7a0db1ccad1975
pubmed,7,9,42,259745,2027,0.0,0.022544013129340276,0.0,0.02694745811467413,0.0,rps_gtok_plus,56bc815ebd79f8afeae47a1dcc7a0db1ccad1975
pubmed,7,9,42,259745,2028,0.0,0.017663319905598957,0.0,0.019753711995468562,0.0,rps_gtok_plus,56bc815ebd79f8afeae47a1dcc7a0db1ccad1975
synthetic_stress,12,7,29,60993,2026,0.0,0.17524082320077078,-0.007706333332835991,0.1893329516609802,0.0,rps_gtok_plus,95d984cd47e4c36591d75eb5fee2410c3d08862b
synthetic_stress,5,7,29,60993,2027,0.0,0.1757181031363351,-0.05443264133303116,0.19367280041043392,0.0,rps_gtok_plus,95d984cd47e4c36591d75eb5fee2410c3d08862b
synthetic_stress,12,7,29,60993,2028,0.0,0.16424901144845144,0.1143877784867926,0.1774929109582376,0.0,rps_gtok_plus,95d984cd47e4c36591d75eb5fee2410c3d08862b
wn18rr,5,9,42,64161,2026,0.0,0.029071701897515193,0.0,0.036433620337402293,0.0,rps_gtok_plus,0ade56fdd69ff4e8935eeb29b1ef4866175dd559
wn18rr,8,9,42,64161,2027,0.0,0.02926492691040039,0.0,0.036455544026047254,0.0,rps_gtok_plus,0ade56fdd69ff4e8935eeb29b1ef4866175dd559
wn18rr,12,9,42,64161,2028,0.0,0.031164911058213975,0.0,0.03913395332731147,0.0,rps_gtok_plus,0ade56fdd69ff4e8935eeb29b1ef4866175dd559
