dataset,graphs,directed,node_attr_dims,edge_attr_dims,node_attr_dtypes,edge_attr_dtypes,node_attr_unique_values,edge_attr_unique_values,node_type_present,edge_type_present,continuous_mode,quantization_decimals,reconstruction_target
ast_cfg_cpg,8,True,[1],[0],"[""torch.float32""]","[""torch.float32""]","[12, 21, 22, 23, 24, 26]",[0],True,True,raw,,topology+schema fields; continuous attributes are retained under the stated mode
cifar10_sp,60,False,[1],[1],"[""torch.float32""]","[""torch.float32""]",[1],[1],True,True,raw,,topology+schema fields; continuous attributes are retained under the stated mode
citeseer,60,False,[2],[0],"[""torch.float32""]","[""torch.float32""]","[2, 3, 4, 5, 6, 7]",[0],True,True,raw,,topology+schema fields; continuous attributes are retained under the stated mode
collab,60,False,[0],[0],[],"[""torch.float32""]",[],[0],True,True,raw,,topology+schema fields; continuous attributes are retained under the stated mode
cora,60,False,[2],[0],"[""torch.float32""]","[""torch.float32""]","[2, 3, 4, 5, 6, 7, 8]",[0],True,True,raw,,topology+schema fields; continuous attributes are retained under the stated mode
enzymes,60,False,[1],[0],"[""torch.float32""]","[""torch.float32""]",[1],[0],True,True,raw,,topology+schema fields; continuous attributes are retained under the stated mode
fb15k_237,60,True,[0],[1],[],"[""torch.float32""]",[],"[2, 3, 4, 5, 6, 7, 9, 12, 13, 16, 18, 19, 20, 22, 23, 26, 27, 31, 32, 33, 35, 37, 38, 39, 41, 42, 43, 45, 46]",True,True,raw,,topology+schema fields; continuous attributes are retained under the stated mode
ieee_power_grid,3,False,[4],[5],"[""torch.float32""]","[""torch.float32""]","[11, 30, 39]","[26, 40, 44]",True,True,raw,,topology+schema fields; continuous attributes are retained under the stated mode
imdb_binary,60,False,[0],[0],[],"[""torch.float32""]",[],[0],True,True,raw,,topology+schema fields; continuous attributes are retained under the stated mode
mnist_sp,60,False,[1],[1],"[""torch.float32""]","[""torch.float32""]",[1],[1],True,True,raw,,topology+schema fields; continuous attributes are retained under the stated mode
mutag,60,False,[1],[1],"[""torch.float32""]","[""torch.float32""]",[1],[1],True,True,raw,,topology+schema fields; continuous attributes are retained under the stated mode
ogbg_code2,8,False,[1],[0],"[""torch.float32""]","[""torch.float32""]",[1],[0],True,True,raw,,topology+schema fields; continuous attributes are retained under the stated mode
ogbg_molhiv,60,False,[1],[1],"[""torch.float32""]","[""torch.float32""]",[1],[1],True,True,raw,,topology+schema fields; continuous attributes are retained under the stated mode
ogbg_molpcba,60,False,[1],[1],"[""torch.float32""]","[""torch.float32""]",[1],[1],True,True,raw,,topology+schema fields; continuous attributes are retained under the stated mode
ogbg_ppa,8,False,[0],[1],[],"[""torch.float32""]",[],[1],True,True,raw,,topology+schema fields; continuous attributes are retained under the stated mode
ogbn_arxiv,60,True,[2],[0],"[""torch.float32""]","[""torch.float32""]","[3, 4, 5, 6, 7, 8, 9, 10, 11, 12]",[0],True,True,raw,,topology+schema fields; continuous attributes are retained under the stated mode
proteins,57,False,[1],[0],"[""torch.float32""]","[""torch.float32""]",[1],[0],True,True,raw,,topology+schema fields; continuous attributes are retained under the stated mode
pubmed,60,False,[2],[0],"[""torch.float32""]","[""torch.float32""]","[2, 3, 4]",[0],True,True,raw,,topology+schema fields; continuous attributes are retained under the stated mode
road_networks,8,False,[1],[0],"[""torch.float32""]","[""torch.float32""]","[5, 6, 7]",[0],True,True,raw,,topology+schema fields; continuous attributes are retained under the stated mode
synthetic_stress,42,True,[2],[1],"[""torch.float32""]","[""torch.float32""]","[1, 2]","[7, 8, 11, 12, 14, 15, 16, 18, 19, 20, 21, 23, 25, 28]",True,True,raw,,topology+schema fields; continuous attributes are retained under the stated mode
wn18rr,60,True,[0],[1],[],"[""torch.float32""]",[],"[1, 2, 3, 4, 5, 6]",True,True,raw,,topology+schema fields; continuous attributes are retained under the stated mode
