view,seed,path,balanced_accuracy,macro_f1,prediction_unique,truncation_rate
canonical_edge_list,2026,rebuttal/experiments/E14_ogbg_molhiv_balanced/downstream_post_schema_union/canonical_edge_list/seed2026/metrics.json,0.75,0.7450826121164438,2,0.0
canonical_edge_list,2027,rebuttal/experiments/E14_ogbg_molhiv_balanced/downstream_post_schema_union/canonical_edge_list/seed2027/metrics.json,0.6944444444444444,0.6923076923076923,2,0.0
canonical_edge_list,2028,rebuttal/experiments/E14_ogbg_molhiv_balanced/downstream_post_schema_union/canonical_edge_list/seed2028/metrics.json,0.7222222222222222,0.7213622291021672,2,0.0
edge_list,2026,rebuttal/experiments/E14_ogbg_molhiv_balanced/downstream_post_schema_union/edge_list/seed2026/metrics.json,0.7777777777777778,0.7770897832817337,2,0.0
edge_list,2027,rebuttal/experiments/E14_ogbg_molhiv_balanced/downstream_post_schema_union/edge_list/seed2027/metrics.json,0.7222222222222223,0.71875,2,0.0
edge_list,2028,rebuttal/experiments/E14_ogbg_molhiv_balanced/downstream_post_schema_union/edge_list/seed2028/metrics.json,0.75,0.7482517482517483,2,0.0
rps_gtok_plus,2026,rebuttal/experiments/E14_ogbg_molhiv_balanced/downstream_post_schema_union/rps_gtok_plus/seed2026/metrics.json,0.8333333333333333,0.83125,2,0.0
rps_gtok_plus,2027,rebuttal/experiments/E14_ogbg_molhiv_balanced/downstream_post_schema_union/rps_gtok_plus/seed2027/metrics.json,0.6666666666666667,0.6656346749226006,2,0.0
rps_gtok_plus,2028,rebuttal/experiments/E14_ogbg_molhiv_balanced/downstream_post_schema_union/rps_gtok_plus/seed2028/metrics.json,0.8055555555555556,0.8041958041958042,2,0.0
