budget,dataset,epochs_ran,graphs_test,graphs_train,parameters,seed,test_discarded_fraction,test_mae,test_r2,test_rmse,test_truncation_rate,view,view_sha1
128,mutag,8,9,42,61601,2026,0.0,0.1782076358795166,0.012839409830475157,0.20677045832186547,0.0,edge_list,2aead9a54d181f6533b7785e6b2d3601edd7fc48
128,mutag,5,9,42,61601,2027,0.0,0.17747343911064994,0.010909310550639817,0.20697249871573556,0.0,edge_list,2aead9a54d181f6533b7785e6b2d3601edd7fc48
128,mutag,8,9,42,61601,2028,0.0,0.16298755009969076,0.12822520993048292,0.19431071010686576,0.0,edge_list,2aead9a54d181f6533b7785e6b2d3601edd7fc48
128,mutag,8,9,42,61601,2026,0.0,0.17093737920125326,0.03459984218409573,0.2044787909909854,0.0,rps_gtok_plus,610d86af15cf488b185cb60c968aa91667a0a2e7
128,mutag,5,9,42,61601,2027,0.0,0.17847704887390137,0.0022363426984503,0.2078779505309404,0.0,rps_gtok_plus,610d86af15cf488b185cb60c968aa91667a0a2e7
128,mutag,8,9,42,61601,2028,0.0,0.1836955812242296,-0.017489820957307556,0.2099228058327225,0.0,rps_gtok_plus,610d86af15cf488b185cb60c968aa91667a0a2e7
32,mutag,5,9,42,58529,2026,0.0,0.17321117719014487,0.07513161480943387,0.20014030303451563,0.0,edge_list,2aead9a54d181f6533b7785e6b2d3601edd7fc48
32,mutag,8,9,42,58529,2027,0.0,0.17555779880947536,0.08407052829077444,0.1991707701321509,0.0,edge_list,2aead9a54d181f6533b7785e6b2d3601edd7fc48
32,mutag,5,9,42,58529,2028,0.0,0.17652524842156303,0.004099779928273817,0.20768374194167952,0.0,edge_list,2aead9a54d181f6533b7785e6b2d3601edd7fc48
32,mutag,5,9,42,58529,2026,0.6422360248447205,0.17774224281311035,-0.025317698955857892,0.21072876067626828,1.0,rps_gtok_plus,610d86af15cf488b185cb60c968aa91667a0a2e7
32,mutag,8,9,42,58529,2027,0.6422360248447205,0.17499523692660862,0.053851233988683855,0.202429731731913,1.0,rps_gtok_plus,610d86af15cf488b185cb60c968aa91667a0a2e7
32,mutag,5,9,42,58529,2028,0.6422360248447205,0.17946505546569824,-0.02342207075212288,0.21053387074734026,1.0,rps_gtok_plus,610d86af15cf488b185cb60c968aa91667a0a2e7
512,mutag,8,9,42,73889,2026,0.0,0.16445793045891655,0.14346001365366345,0.19260537690249535,0.0,edge_list,2aead9a54d181f6533b7785e6b2d3601edd7fc48
512,mutag,8,9,42,73889,2027,0.0,0.17211654451158312,0.10646731471880932,0.19672058521635685,0.0,edge_list,2aead9a54d181f6533b7785e6b2d3601edd7fc48
512,mutag,8,9,42,73889,2028,0.0,0.17029221852620444,0.07440054521862871,0.20021938865845337,0.0,edge_list,2aead9a54d181f6533b7785e6b2d3601edd7fc48
512,mutag,5,9,42,73889,2026,0.0,0.18118413289388022,-0.047556869006958546,0.2130018573217324,0.0,rps_gtok_plus,610d86af15cf488b185cb60c968aa91667a0a2e7
512,mutag,5,9,42,73889,2027,0.0,0.17784203423394096,-0.016076588446158446,0.20977697006431784,0.0,rps_gtok_plus,610d86af15cf488b185cb60c968aa91667a0a2e7
512,mutag,8,9,42,73889,2028,0.0,0.17348853747049967,0.06981536004999322,0.2007146940715618,0.0,rps_gtok_plus,610d86af15cf488b185cb60c968aa91667a0a2e7
