dataset,view,graphs_test,test_truncation_rate,test_discarded_fraction
COLLAB,edge_list,2.0,0.5,0.6062618595825426
COLLAB,canonical_edge_list,2.0,0.5,0.6062618595825426
COLLAB,rps_gtok_identifier,2.0,0.0,0.0
COLLAB,rps_gtok_full,2.0,0.0,0.0
IMDB-BINARY,edge_list,20.0,0.1,0.10340136054421768
IMDB-BINARY,canonical_edge_list,20.0,0.1,0.10340136054421768
IMDB-BINARY,rps_gtok_identifier,20.0,0.0,0.0
IMDB-BINARY,rps_gtok_full,20.0,0.0,0.0
IMDB-BINARY_no_truncation,edge_list,20.0,0.0,0.0
IMDB-BINARY_no_truncation,canonical_edge_list,20.0,0.0,0.0
IMDB-BINARY_no_truncation,rps_gtok_identifier,20.0,0.0,0.0
IMDB-BINARY_no_truncation,rps_gtok_full,20.0,0.0,0.0
MUTAG,edge_list,20.0,0.0,0.0
MUTAG,canonical_edge_list,20.0,0.0,0.0
MUTAG,rps_gtok_identifier,20.0,0.0,0.0
MUTAG,rps_gtok_full,20.0,0.0,0.0
PROTEINS,edge_list,20.0,0.0,0.0
PROTEINS,canonical_edge_list,20.0,0.0,0.0
PROTEINS,rps_gtok_identifier,20.0,0.0,0.0
PROTEINS,rps_gtok_full,20.0,0.0,0.0
PROTEINS,edge_list,5.0,0.0,0.0
PROTEINS,canonical_edge_list,5.0,0.0,0.0
PROTEINS,rps_gtok_identifier,5.0,0.0,0.0
PROTEINS,rps_gtok_full,5.0,0.0,0.0
IMDB-BINARY-no-trunc,edge_list,20.0,0.0,0.0
IMDB-BINARY-no-trunc,canonical_edge_list,20.0,0.0,0.0
IMDB-BINARY-no-trunc,rps_gtok_identifier,20.0,0.0,0.0
IMDB-BINARY-no-trunc,rps_gtok_full,20.0,0.0,0.0
