dataset,view,seeds,mae_mean,mae_sd,rmse_mean,rmse_sd,r2_mean,r2_sd,max_truncation
cifar10_sp,edge_list,3,0.026605,0.000421,0.034343,0.000347,-0.085646,0.021907,1.0
cifar10_sp,rps_gtok_plus,3,0.026878,0.000358,0.034749,0.000480,-0.111533,0.030808,1.0
citeseer,edge_list,3,0.148178,0.004912,0.200414,0.002388,0.020380,0.023279,0.0
citeseer,rps_gtok_plus,3,0.154913,0.004262,0.204557,0.001668,-0.020487,0.016614,0.0
collab,edge_list,3,0.343651,0.011475,0.415583,0.022891,-0.092114,0.120790,0.6666666666666666
collab,rps_gtok_plus,3,0.339454,0.003459,0.396223,0.009343,0.008904,0.046526,0.1111111111111111
cora,edge_list,3,0.194482,0.008020,0.311457,0.003250,-0.072382,0.022382,0.0
cora,rps_gtok_plus,3,0.186744,0.013185,0.322208,0.012656,-0.148793,0.089163,0.0
enzymes,edge_list,3,0.341154,0.025900,0.456084,0.045818,-0.245100,0.250588,0.0
enzymes,rps_gtok_plus,3,0.352561,0.004165,0.462908,0.003763,-0.274118,0.020669,0.0
fb15k_237,edge_list,3,0.024417,0.007681,0.031219,0.004900,0.000000,0.000000,0.1111111111111111
fb15k_237,rps_gtok_plus,3,0.038641,0.015801,0.049047,0.017278,0.000000,0.000000,0.0
imdb_binary,edge_list,3,0.373751,0.009815,0.519752,0.007851,-0.054473,0.031928,0.0
imdb_binary,rps_gtok_plus,3,0.371991,0.006510,0.501923,0.012041,0.016399,0.047490,0.0
mnist_sp,edge_list,3,0.068528,0.001153,0.142656,0.001050,-0.103104,0.016215,0.0
mnist_sp,rps_gtok_plus,3,0.070873,0.001545,0.146492,0.005214,-0.164174,0.083543,0.0
mutag,edge_list,3,0.166242,0.008033,0.195140,0.010727,0.119001,0.096254,0.0
mutag,rps_gtok_plus,3,0.175280,0.003582,0.205455,0.002323,0.025273,0.022114,0.0
ogbg_molhiv,edge_list,3,0.302743,0.008470,0.362476,0.010845,0.238879,0.045135,0.0
ogbg_molhiv,rps_gtok_plus,3,0.338294,0.005795,0.424696,0.007236,-0.044421,0.035424,0.0
ogbg_molpcba,edge_list,3,0.149668,0.016601,0.175013,0.013235,0.025153,0.144452,0.0
ogbg_molpcba,rps_gtok_plus,3,0.156922,0.005594,0.181590,0.003660,-0.045795,0.042367,0.0
ogbn_arxiv,edge_list,3,0.038122,0.009353,0.045710,0.012652,0.000000,0.000000,0.2222222222222222
ogbn_arxiv,rps_gtok_plus,3,0.045004,0.030160,0.049022,0.031283,0.000000,0.000000,0.0
proteins,edge_list,3,0.582389,0.030215,0.723267,0.018801,-0.010001,0.052527,0.0
proteins,rps_gtok_plus,3,0.579850,0.008329,0.732491,0.012133,-0.035650,0.034358,0.125
pubmed,edge_list,3,0.044982,0.014585,0.049976,0.015500,0.000000,0.000000,0.0
pubmed,rps_gtok_plus,3,0.090755,0.122397,0.093742,0.121974,0.000000,0.000000,0.0
synthetic_stress,edge_list,3,0.179997,0.012763,0.204344,0.022096,-0.182977,0.253446,0.0
synthetic_stress,rps_gtok_plus,3,0.171736,0.006488,0.186833,0.008375,0.017416,0.087169,0.0
wn18rr,edge_list,3,0.040639,0.004273,0.049202,0.010758,0.000000,0.000000,0.0
wn18rr,rps_gtok_plus,3,0.029834,0.001157,0.037341,0.001553,0.000000,0.000000,0.0
