view,seed,mae,rmse,r2,truncation_rate,train_truncation_rate,val_truncation_rate
canonical_edge_list,2026,0.038604289293289185,0.04081998202902172,-6.413938371931357,0.0,0.0,0.0
canonical_edge_list,2027,0.046495288610458374,0.04861317621726652,-9.51505013952304,0.0,0.0,0.0
canonical_edge_list,2028,0.020340347290039064,0.023182425695104886,-1.3912286539093346,0.0,0.0,0.0
edge_list,2026,0.03987494111061096,0.04230374821926086,-6.9627127780572415,0.0,0.0,0.0
edge_list,2027,0.03662514686584473,0.03995743316961837,-6.103927438648994,0.0,0.0,0.0
edge_list,2028,0.04794988036155701,0.05002888750692001,-10.136405713168658,0.0,0.0,0.0
rps_gtok_plus,2026,0.038158565759658813,0.040895197413330336,-6.441285565890674,0.0,0.0,0.0
rps_gtok_plus,2027,0.04247143864631653,0.04496865378196683,-7.9975263259057385,0.0,0.0,0.0
rps_gtok_plus,2028,0.03730040788650513,0.040040821878419765,-6.133609298942853,0.0,0.0,0.0
