dataset,graphs,ok,equal,timeout,error,directed,directed_input,certified_equal_rate,wall_sec,timeout_sec,workers,certificate
ast_cfg_cpg,8,8,8,0,0,0,8,1.0,2.274068418890238,60.0,8,pynauty_attributed_incidence_graph_v2
cifar10_sp,60,60,60,0,0,0,0,1.0,41.554831294342875,60.0,8,pynauty_attributed_incidence_graph_v2
citeseer,60,60,60,0,0,0,0,1.0,18.974241064861417,60.0,8,pynauty_attributed_incidence_graph_v2
collab,60,46,46,14,0,0,0,1.0,212.4058264065534,60.0,8,pynauty_attributed_incidence_graph_v2
cora,60,60,60,0,0,0,0,1.0,18.24098083563149,60.0,8,pynauty_attributed_incidence_graph_v2
enzymes,60,60,60,0,0,0,0,1.0,17.682431804016232,60.0,8,pynauty_attributed_incidence_graph_v2
fb15k_237,60,60,60,0,0,0,60,1.0,17.642245166003704,60.0,8,pynauty_attributed_incidence_graph_v2
ieee_power_grid,3,3,3,0,0,0,0,1.0,2.2414235547184944,60.0,8,pynauty_attributed_incidence_graph_v2
imdb_binary,60,60,60,0,0,0,0,1.0,19.238688837736845,60.0,8,pynauty_attributed_incidence_graph_v2
mnist_sp,60,60,60,0,0,0,0,1.0,22.90113777294755,60.0,8,pynauty_attributed_incidence_graph_v2
mutag,60,59,59,1,0,0,0,1.0,17.509040689095855,60.0,8,pynauty_attributed_incidence_graph_v2
ogbg_code2,8,8,8,0,0,0,0,1.0,2.3404680155217648,60.0,8,pynauty_attributed_incidence_graph_v2
ogbg_molhiv,60,60,60,0,0,0,0,1.0,17.151210008189082,60.0,8,pynauty_attributed_incidence_graph_v2
ogbg_molpcba,60,60,60,0,0,0,0,1.0,17.40511046908796,60.0,8,pynauty_attributed_incidence_graph_v2
ogbg_ppa,8,4,4,4,0,0,0,1.0,61.87319748476148,60.0,8,pynauty_attributed_incidence_graph_v2
ogbn_arxiv,60,60,60,0,0,0,60,1.0,17.804594732820988,60.0,8,pynauty_attributed_incidence_graph_v2
proteins,57,57,57,0,0,0,0,1.0,17.869896536692977,60.0,8,pynauty_attributed_incidence_graph_v2
pubmed,60,60,60,0,0,0,0,1.0,19.267633026465774,60.0,8,pynauty_attributed_incidence_graph_v2
road_networks,8,8,8,0,0,0,0,1.0,2.2459513153880835,60.0,8,pynauty_attributed_incidence_graph_v2
synthetic_stress,42,42,42,0,0,0,3,1.0,12.855598088353872,60.0,8,pynauty_attributed_incidence_graph_v2
wn18rr,60,60,60,0,0,0,60,1.0,17.541095957159996,60.0,8,pynauty_attributed_incidence_graph_v2
