dataset,graphs,ok,equal,timeout,error,directed,certified_equal_rate,wall_sec,timeout_sec,certificate
ast_cfg_cpg,3,0,0,0,0,3,0.0,7.459893822669983e-06,0.3,pynauty_colored_incidence_graph
cifar10_sp,3,0,0,3,0,0,0.0,1.0060859061777592,0.3,pynauty_colored_incidence_graph
citeseer,3,2,2,1,0,0,1.0,0.5879252478480339,0.3,pynauty_colored_incidence_graph
collab,3,0,0,3,0,0,0.0,1.015524797141552,0.3,pynauty_colored_incidence_graph
cora,3,3,3,0,0,0,1.0,0.37875878997147083,0.3,pynauty_colored_incidence_graph
enzymes,3,3,3,0,0,0,1.0,0.1847859025001526,0.3,pynauty_colored_incidence_graph
fb15k_237,3,0,0,0,0,3,0.0,1.6979873180389404e-05,0.3,pynauty_colored_incidence_graph
ieee_power_grid,3,3,3,0,0,0,1.0,0.12469637393951416,0.3,pynauty_colored_incidence_graph
imdb_binary,3,3,3,0,0,0,1.0,0.31581490114331245,0.3,pynauty_colored_incidence_graph
mnist_sp,3,0,0,3,0,0,0.0,1.018367575481534,0.3,pynauty_colored_incidence_graph
mutag,3,3,3,0,0,0,1.0,0.1652062926441431,0.3,pynauty_colored_incidence_graph
ogbg_code2,3,3,3,0,0,0,1.0,0.1773810312151909,0.3,pynauty_colored_incidence_graph
ogbg_molhiv,3,3,3,0,0,0,1.0,0.12941856868565083,0.3,pynauty_colored_incidence_graph
ogbg_molpcba,3,3,3,0,0,0,1.0,0.12649069540202618,0.3,pynauty_colored_incidence_graph
ogbg_ppa,3,0,0,3,0,0,0.0,1.0216183364391327,0.3,pynauty_colored_incidence_graph
ogbn_arxiv,3,0,0,0,0,3,0.0,0.00016387179493904114,0.3,pynauty_colored_incidence_graph
proteins,3,3,3,0,0,0,1.0,0.14861529506742954,0.3,pynauty_colored_incidence_graph
pubmed,3,2,2,1,0,0,1.0,0.5617746599018574,0.3,pynauty_colored_incidence_graph
road_networks,3,3,3,0,0,0,1.0,0.15832893922924995,0.3,pynauty_colored_incidence_graph
synthetic_stress,3,3,3,0,0,0,1.0,0.14840557053685188,0.3,pynauty_colored_incidence_graph
wn18rr,3,0,0,0,0,3,0.0,1.2140721082687378e-05,0.3,pynauty_colored_incidence_graph
