dataset,view,seed,balanced_accuracy,macro_f1,accuracy,prediction_unique,majority_accuracy,truncation_rate,epochs_ran,elapsed_sec
mutag_30ep,canonical_edge_list,2026,0.9444444444444444,0.8991596638655461,0.9166666666666666,2,0.75,0.0,30,11.468267440795898
mutag_30ep,canonical_edge_list,2027,0.8333333333333333,0.7333333333333334,0.75,2,0.75,0.0,30,11.39348292350769
mutag_30ep,canonical_edge_list,2028,0.9444444444444444,0.8991596638655461,0.9166666666666666,2,0.75,0.0,30,11.712642431259155
mutag_30ep,edge_list,2026,0.9444444444444444,0.8991596638655461,0.9166666666666666,2,0.75,0.0,30,12.032077074050903
mutag_30ep,edge_list,2027,0.9444444444444444,0.8991596638655461,0.9166666666666666,2,0.75,0.0,30,10.850956201553345
mutag_30ep,edge_list,2028,0.8888888888888888,0.8125,0.8333333333333334,2,0.75,0.0,30,11.120578050613403
mutag_30ep,rps_gtok_plus,2026,1.0,1.0,1.0,2,0.75,0.0,30,37.031415700912476
mutag_30ep,rps_gtok_plus,2027,0.5,0.2,0.25,1,0.75,0.0,30,37.73695921897888
mutag_30ep,rps_gtok_plus,2028,0.5,0.2,0.25,1,0.75,0.0,30,37.54022765159607
