view,datasets,mean_stability,mean_tokens
adjacency_list,21,0.023809523809523808,62.82539682539682
bfs_order,21,0.0,160.15873015873015
canonical_adjacency_list,21,0.7248677248677249,62.82539682539682
canonical_bfs_order,21,0.7777777777777777,160.15873015873015
canonical_dfs_order,21,0.7248677248677249,160.15873015873015
canonical_edge_list,21,0.7248677248677249,246.03968253968253
dfs_order,21,0.0,160.15873015873015
edge_list,21,0.023809523809523808,246.03968253968253
rps_gtok_identifier,21,0.9550264550264551,49.857142857142854
