artifact_bytes_edge,canonical_exact,complete_bytes_edge,dataset,graphs,id_tok_edge,lossless,payload_bytes_edge,perm_stability
69.247,0.000,156.688,ast_cfg_cpg,1,1.109,1.000,72.703,0.667
17.340,1.000,113.124,cifar10_sp,9,1.176,1.000,20.993,1.000
70.753,0.111,99.004,citeseer,9,0.915,1.000,28.451,1.000
9.202,0.000,46.384,collab,9,0.503,1.000,10.108,0.926
78.092,0.333,101.895,cora,9,0.841,1.000,39.013,0.963
77.994,0.889,109.186,enzymes,9,1.059,1.000,28.433,1.000
105.536,0.111,110.279,fb15k_237,9,0.918,1.000,31.068,1.000
56.011,0.000,56.017,imdb_binary,9,0.605,1.000,14.291,1.000
29.859,1.000,113.523,mnist_sp,9,1.177,1.000,21.366,1.000
66.270,0.889,115.047,mutag,9,0.980,1.000,41.069,0.963
65.805,0.000,159.581,ogbg_code2,1,1.290,1.000,61.806,0.667
71.989,1.000,130.785,ogbg_molhiv,9,0.948,1.000,60.226,1.000
74.117,1.000,111.107,ogbg_molpcba,9,0.994,1.000,36.690,1.000
9.687,0.000,97.736,ogbg_ppa,1,1.029,1.000,17.905,1.000
90.368,0.556,173.316,ogbn_arxiv,9,1.803,1.000,29.595,1.000
61.563,0.750,100.489,proteins,8,1.027,1.000,22.475,1.000
73.027,0.222,97.928,pubmed,9,0.798,1.000,32.054,0.963
157.165,1.000,205.696,road_networks,1,2.167,1.000,41.431,1.000
192.619,0.857,243.600,synthetic_stress,7,1.846,1.000,108.770,1.000
34.338,0.000,81.055,wn18rr,9,0.497,1.000,42.180,0.778
