branches,canonical_sec,edges,exact,fallback,family,fraction,nodes
16,0.0005692243576049805,7,True,False,path,1.0,8
256,0.0037511680275201797,15,True,False,path,1.0,16
1001,0.0333260465413332,31,False,True,path,1.0,32
1001,0.13029363937675953,63,False,True,path,1.0,64
1001,0.42060171999037266,127,False,True,path,1.0,128
1001,0.005594164133071899,8,False,True,cycle,1.0,8
1001,0.009998498484492302,16,False,True,cycle,1.0,16
1001,0.014262175187468529,24,False,True,cycle,1.0,24
1001,0.018830183893442154,32,False,True,cycle,1.0,32
1001,0.007298436015844345,12,False,True,regular,1.0,8
1001,0.008408384397625923,15,False,True,regular,1.0,10
1001,0.010241562500596046,18,False,True,regular,1.0,12
1001,0.011774072423577309,21,False,True,regular,1.0,14
24,0.0002515185624361038,6,True,False,complete,1.0,4
120,0.000901535153388977,10,True,False,complete,1.0,5
720,0.005964212119579315,15,True,False,complete,1.0,6
1001,0.010862849652767181,21,False,True,complete,1.0,7
1001,0.013783304020762444,28,False,True,complete,1.0,8
8,0.00031489692628383636,7,True,False,sparse_random,1.0,8
0,0.003365997225046158,28,True,False,sparse_random,1.0,16
0,0.02019180916249752,75,True,False,sparse_random,1.0,32
0,0.11318845674395561,136,True,False,sparse_random,1.0,64
24,0.42748788744211197,243,True,False,sparse_random,1.0,128
