dataset,records,recovered_labels,source,status,class_count,multilabel,semantic_eligibility,target_policy
ast_cfg_cpg,8,0,,no_audited_raw_source,0,False,not_authorized,official_graph_label
cifar10_sp,60,60,GNNBenchmarkDataset/CIFAR10/train,recovered,10,False,classification_candidate,official_graph_label
citeseer,60,0,Planetoid/Citeseer/seed_node_label,ambiguous_or_unmatched,0,False,not_authorized,official_graph_label
collab,60,0,COLLAB_graph_labels.txt,partial_topology_match,0,False,not_authorized,official_graph_label
cora,60,0,Planetoid/Cora/seed_node_label,ambiguous_or_unmatched,0,False,not_authorized,official_graph_label
enzymes,60,60,ENZYMES_graph_labels.txt,recovered,1,False,single_class_prefix_no_classification,official_graph_label
fb15k_237,60,0,,no_audited_raw_source,0,False,not_authorized,official_graph_label
ieee_power_grid,3,3,,recovered_powerflow_target,3,False,regression_candidate,mean_bus_vm_pu_from_pandapower_runpp
imdb_binary,60,60,IMDB-BINARY_graph_labels.txt,recovered,1,False,single_class_prefix_no_classification,official_graph_label
mnist_sp,60,60,GNNBenchmarkDataset/MNIST/train,recovered,10,False,classification_candidate,official_graph_label
mutag,60,60,MUTAG_graph_labels.txt,recovered,2,False,classification_candidate,official_graph_label
ogbg_code2,8,0,,no_audited_raw_source,0,False,not_authorized,official_graph_label
ogbg_molhiv,60,60,OGB/ogbg_molhiv/graph-label.csv.gz,recovered,2,False,classification_candidate,official_graph_label
ogbg_molpcba,60,60,OGB/ogbg_molpcba/graph-label.csv.gz,recovered,0,True,multilabel_candidate_official_mask_required,official_128_task_multilabel_with_observed_mask
ogbg_ppa,8,8,OGB/ogbg_ppa/graph-label.csv.gz,recovered,1,False,single_class_prefix_no_classification,official_graph_label
ogbn_arxiv,60,0,OGB/ogbn-arxiv/seed_node_label,ambiguous_or_unmatched,0,False,not_authorized,official_graph_label
proteins,57,57,PROTEINS_graph_labels.txt,recovered,1,False,single_class_prefix_no_classification,official_graph_label
pubmed,60,0,Planetoid/Pubmed/seed_node_label,ambiguous_or_unmatched,0,False,not_authorized,official_graph_label
road_networks,8,0,,no_audited_raw_source,0,False,not_authorized,official_graph_label
synthetic_stress,42,0,,no_audited_raw_source,0,False,not_authorized,official_graph_label
wn18rr,60,0,,no_audited_raw_source,0,False,not_authorized,official_graph_label
