dataset,records,source,matched,status
ast_cfg_cpg,8,,0,no_audited_raw_source
cifar10_sp,60,GNNBenchmarkDataset/CIFAR10/train,60,recovered
citeseer,60,Planetoid/Citeseer/seed_node_label,34,partial_shape_match
collab,60,COLLAB_graph_labels.txt,40,partial_topology_match
cora,60,Planetoid/Cora/seed_node_label,37,partial_shape_match
enzymes,60,ENZYMES_graph_labels.txt,60,recovered
fb15k_237,60,,0,no_audited_raw_source
ieee_power_grid,3,,0,no_audited_raw_source
imdb_binary,60,IMDB-BINARY_graph_labels.txt,60,recovered
mnist_sp,60,GNNBenchmarkDataset/MNIST/train,60,recovered
mutag,60,MUTAG_graph_labels.txt,60,recovered
ogbg_code2,8,,0,no_audited_raw_source
ogbg_molhiv,60,OGB/ogbg_molhiv/graph-label.csv.gz,60,recovered
ogbg_molpcba,60,OGB/ogbg_molpcba/graph-label.csv.gz,60,recovered
ogbg_ppa,8,OGB/ogbg_ppa/graph-label.csv.gz,8,recovered
ogbn_arxiv,60,OGB/ogbn-arxiv/seed_node_label,60,recovered
proteins,57,PROTEINS_graph_labels.txt,57,recovered
pubmed,60,Planetoid/Pubmed/seed_node_label,60,recovered
road_networks,8,,0,no_audited_raw_source
synthetic_stress,42,,0,no_audited_raw_source
wn18rr,60,,0,no_audited_raw_source
