class_eligible,dataset,records,status,test,threshold,train,val
0,ast_cfg_cpg,8,ok,1,1.5075436047527617,6,1
1,cifar10_sp,60,ok,9,0.2975541257648385,42,9
1,citeseer,60,ok,9,0.6475341707836522,42,9
1,collab,60,ok,9,0.10639142782061112,42,9
1,cora,60,ok,9,0.9153450766497822,42,9
1,enzymes,60,ok,9,1.0472380749063785,42,9
1,fb15k_237,60,ok,9,0.46101384188797856,42,9
0,ieee_power_grid,3,ok,1,1.1379251939098425,1,1
1,imdb_binary,60,ok,9,0.2707137174943838,42,9
1,mnist_sp,60,ok,9,0.2748379513489333,42,9
1,mutag,60,ok,9,1.1963897954522866,42,9
0,ogbg_code2,8,ok,1,1.6182897569006274,6,1
1,ogbg_molhiv,60,ok,9,1.4208269645367153,42,9
1,ogbg_molpcba,60,ok,9,1.7913383058215087,42,9
0,ogbg_ppa,8,ok,1,0.1545826507772675,6,1
1,ogbn_arxiv,60,ok,9,0.2468849207292686,42,9
1,proteins,57,ok,9,1.1940684313783962,39,9
1,pubmed,60,ok,9,0.7210633886046316,42,9
0,road_networks,8,ok,1,0.7329127234845745,6,1
1,synthetic_stress,42,ok,6,0.9392855367202054,30,6
1,wn18rr,60,ok,9,0.7009293210020002,42,9
