canonicalization_sec,dataset,edges,exact_completed,fallback_used,graph_id,nodes,search_nodes,tie_groups
0.0691177286207676,ast_cfg_cpg,150,False,True,program_ast_build_kdd_submission_bundle.py_4,151,101,39
0.0885879397392273,ast_cfg_cpg,185,False,True,program_ast_download_real_datasets.py_9,186,101,35
0.08206716366112232,ast_cfg_cpg,172,False,True,program_ast_export_kdd_tables.py_11,173,101,27
0.09104807488620281,ast_cfg_cpg,177,False,True,program_ast_run_kdd_goal_audit.py_25,178,101,31
0.08389168791472912,ast_cfg_cpg,173,False,True,program_ast_run_kdd_readiness_audit.py_26,174,101,25
0.08236976712942123,ast_cfg_cpg,170,False,True,program_ast_run_objective_audit.py_28,171,101,24
0.006936194375157356,ast_cfg_cpg,22,False,True,program_ast___init__.py_43,23,101,3
0.028451280668377876,ast_cfg_cpg,64,False,True,program_ast_fallback.py_56,65,101,8
0.16129934787750244,cifar10_sp,880,True,False,GNNBenchmark_CIFAR10_0,110,0,0
0.22690768167376518,cifar10_sp,936,True,False,GNNBenchmark_CIFAR10_1,117,0,0
0.1684090420603752,cifar10_sp,912,True,False,GNNBenchmark_CIFAR10_2,114,0,0
0.16920594312250614,cifar10_sp,912,True,False,GNNBenchmark_CIFAR10_3,114,0,0
0.1755388379096985,cifar10_sp,944,True,False,GNNBenchmark_CIFAR10_4,118,0,0
0.18300614692270756,cifar10_sp,936,True,False,GNNBenchmark_CIFAR10_5,117,0,0
0.17304269596934319,cifar10_sp,928,True,False,GNNBenchmark_CIFAR10_6,116,0,0
0.17897786386311054,cifar10_sp,968,True,False,GNNBenchmark_CIFAR10_7,121,0,0
0.053375525400042534,citeseer,282,True,False,Citeseer_ego_0,64,16,4
0.04823754541575909,citeseer,178,False,True,Citeseer_ego_1,64,101,10
0.07288115657866001,citeseer,390,True,False,Citeseer_ego_2,64,24,3
0.07260889001190662,citeseer,390,True,False,Citeseer_ego_3,64,24,3
0.06715868040919304,citeseer,388,True,False,Citeseer_ego_4,64,8,3
0.04289471544325352,citeseer,230,True,False,Citeseer_ego_5,64,8,3
0.059859829023480415,citeseer,302,True,False,Citeseer_ego_6,64,32,5
0.07189015299081802,citeseer,422,True,False,Citeseer_ego_7,64,4,2
0.10968994908034801,collab,1980,False,True,COLLAB_0,45,101,1
0.33191901817917824,collab,2188,False,True,COLLAB_1,52,101,11
0.3403908535838127,collab,2074,False,True,COLLAB_2,52,101,6
0.05614088289439678,collab,992,False,True,COLLAB_3,32,101,1
0.1283617615699768,collab,2060,False,True,COLLAB_4,48,101,4
0.04148770496249199,collab,240,False,True,COLLAB_5,39,101,9
0.07899531163275242,collab,1190,False,True,COLLAB_6,35,101,1
0.3710327260196209,collab,1784,False,True,COLLAB_7,81,101,11
0.04485520347952843,cora,240,True,False,Cora_ego_0,64,0,0
0.052545031532645226,cora,286,True,False,Cora_ego_1,64,8,3
0.04561717063188553,cora,160,False,True,Cora_ego_2,64,101,4
0.044585878029465675,cora,160,False,True,Cora_ego_3,64,101,5
0.04953959956765175,cora,176,False,True,Cora_ego_4,64,101,4
0.04677244648337364,cora,256,True,False,Cora_ego_5,64,0,0
0.047715021297335625,cora,168,False,True,Cora_ego_6,64,101,8
0.047091053798794746,cora,204,True,False,Cora_ego_7,64,48,2
0.02063687890768051,enzymes,168,True,False,ENZYMES_0,37,16,4
0.007559390738606453,enzymes,102,True,False,ENZYMES_1,23,0,0
0.01492997631430626,enzymes,92,False,True,ENZYMES_2,25,101,5
0.010206872597336769,enzymes,90,True,False,ENZYMES_3,24,48,4
0.008576493710279465,enzymes,90,True,False,ENZYMES_4,23,32,5
0.011494409292936325,enzymes,92,True,False,ENZYMES_5,24,64,6
0.00966784916818142,enzymes,118,True,False,ENZYMES_6,26,2,1
0.06640640459954739,enzymes,266,True,False,ENZYMES_7,88,0,0
0.060706764459609985,fb15k_237,218,False,True,FB15k-237_ego_0,64,101,6
0.04204872064292431,fb15k_237,137,False,True,FB15k-237_ego_1,64,101,7
0.049935201182961464,fb15k_237,159,False,True,FB15k-237_ego_2,64,101,4
0.038765816017985344,fb15k_237,115,False,True,FB15k-237_ego_3,64,101,5
0.07655281946063042,fb15k_237,286,False,True,FB15k-237_ego_4,64,101,4
0.03576301783323288,fb15k_237,102,False,True,FB15k-237_ego_5,64,101,7
0.04753653332591057,fb15k_237,137,False,True,FB15k-237_ego_6,64,101,5
0.11770824901759624,fb15k_237,430,True,False,FB15k-237_ego_7,64,96,5
0.0016311854124069214,ieee_power_grid,14,True,False,pandapower_case9,14,32,5
0.004638921469449997,ieee_power_grid,30,True,False,pandapower_case14,29,0,0
0.018587250262498856,ieee_power_grid,66,True,False,pandapower_case30,55,4,2
0.011180022731423378,imdb_binary,146,False,True,IMDB-BINARY_0,20,101,5
0.01879909634590149,imdb_binary,256,False,True,IMDB-BINARY_1,32,101,6
0.011978428810834885,imdb_binary,162,False,True,IMDB-BINARY_2,21,101,3
0.03912590444087982,imdb_binary,266,False,True,IMDB-BINARY_3,35,101,7
0.008134566247463226,imdb_binary,112,False,True,IMDB-BINARY_4,14,101,3
0.08340230025351048,imdb_binary,422,False,True,IMDB-BINARY_5,63,101,12
0.00874352641403675,imdb_binary,132,False,True,IMDB-BINARY_6,12,101,1
0.008933741599321365,imdb_binary,126,False,True,IMDB-BINARY_7,15,101,3
0.10087607614696026,mnist_sp,552,True,False,GNNBenchmark_MNIST_0,69,0,0
0.10465938784182072,mnist_sp,568,True,False,GNNBenchmark_MNIST_1,71,0,0
0.10629145987331867,mnist_sp,584,True,False,GNNBenchmark_MNIST_2,73,0,0
0.10995018668472767,mnist_sp,600,True,False,GNNBenchmark_MNIST_3,75,0,0
0.10969940386712551,mnist_sp,600,True,False,GNNBenchmark_MNIST_4,75,0,0
0.10435480065643787,mnist_sp,576,True,False,GNNBenchmark_MNIST_5,72,0,0
0.11061158031225204,mnist_sp,592,True,False,GNNBenchmark_MNIST_6,74,0,0
0.09811416640877724,mnist_sp,528,True,False,GNNBenchmark_MNIST_7,66,0,0
0.0026248935610055923,mutag,38,True,False,MUTAG_0,17,2,1
0.0015434622764587402,mutag,28,True,False,MUTAG_1,13,2,1
0.0015017595142126083,mutag,28,True,False,MUTAG_2,13,2,1
0.00294702872633934,mutag,44,True,False,MUTAG_3,19,2,1
0.0005854722112417221,mutag,22,True,False,MUTAG_4,11,2,1
0.00755726546049118,mutag,62,False,True,MUTAG_5,28,101,7
0.0022779088467359543,mutag,34,True,False,MUTAG_6,16,8,3
0.0032724980264902115,mutag,44,True,False,MUTAG_7,20,2,1
0.12430505082011223,ogbg_code2,243,False,True,ogbg-code2_0,244,101,41
0.11729908734560013,ogbg_code2,230,False,True,ogbg-code2_1,231,101,35
0.08863077871501446,ogbg_code2,175,False,True,ogbg-code2_2,176,101,23
0.009048853069543839,ogbg_code2,28,False,True,ogbg-code2_3,29,101,7
0.024843165650963783,ogbg_code2,59,False,True,ogbg-code2_4,60,101,16
0.012035736814141273,ogbg_code2,38,True,False,ogbg-code2_5,39,64,6
0.008686577901244164,ogbg_code2,40,True,False,ogbg-code2_6,41,6,1
0.010375451296567917,ogbg_code2,31,False,True,ogbg-code2_7,32,101,6
0.00532909668982029,ogbg_molhiv,40,False,True,ogbg-molhiv_0,19,101,5
0.018273573368787766,ogbg_molhiv,88,False,True,ogbg-molhiv_1,39,101,15
0.003604881465435028,ogbg_molhiv,48,True,False,ogbg-molhiv_2,21,2,1
0.006618967279791832,ogbg_molhiv,50,False,True,ogbg-molhiv_3,24,101,10
0.002544824033975601,ogbg_molhiv,18,False,True,ogbg-molhiv_4,10,101,3
0.0021892525255680084,ogbg_molhiv,32,True,False,ogbg-molhiv_5,16,8,3
0.0005900915712118149,ogbg_molhiv,20,True,False,ogbg-molhiv_6,10,2,1
0.002500981092453003,ogbg_molhiv,38,True,False,ogbg-molhiv_7,18,2,1
0.004613494500517845,ogbg_molpcba,44,True,False,ogbg-molpcba_0,20,32,5
0.0019432883709669113,ogbg_molpcba,32,True,False,ogbg-molpcba_1,15,4,2
0.004458442330360413,ogbg_molpcba,50,True,False,ogbg-molpcba_2,24,8,3
0.00439043715596199,ogbg_molpcba,54,True,False,ogbg-molpcba_3,24,0,0
0.008205655962228775,ogbg_molpcba,72,True,False,ogbg-molpcba_4,33,8,3
0.0025724712759256363,ogbg_molpcba,38,True,False,ogbg-molpcba_5,18,4,2
0.002633044496178627,ogbg_molpcba,40,True,False,ogbg-molpcba_6,18,4,2
0.0038222577422857285,ogbg_molpcba,46,True,False,ogbg-molpcba_7,22,8,3
0.0615003053098917,ogbn_arxiv,176,False,True,ogbn_arxiv_ego_0,64,101,5
0.11858214810490608,ogbn_arxiv,503,True,False,ogbn_arxiv_ego_1,64,0,0
0.12057582661509514,ogbn_arxiv,505,True,False,ogbn_arxiv_ego_2,64,0,0
0.08402422443032265,ogbn_arxiv,347,True,False,ogbn_arxiv_ego_3,64,0,0
0.10890509933233261,ogbn_arxiv,466,True,False,ogbn_arxiv_ego_4,64,0,0
0.08508859388530254,ogbn_arxiv,346,True,False,ogbn_arxiv_ego_5,64,6,1
0.11456311494112015,ogbn_arxiv,494,True,False,ogbn_arxiv_ego_6,64,0,0
0.1500043272972107,ogbn_arxiv,652,True,False,ogbn_arxiv_ego_7,64,0,0
0.027090484276413918,proteins,162,True,False,PROTEINS_0,42,64,6
0.010924223810434341,proteins,92,True,False,PROTEINS_1,27,48,4
0.0011031795293092728,proteins,34,True,False,PROTEINS_2,10,12,2
0.006899498403072357,proteins,92,True,False,PROTEINS_3,24,0,0
0.0009691175073385239,proteins,42,True,False,PROTEINS_4,11,8,3
0.11865920946002007,proteins,486,False,True,PROTEINS_6,108,101,12
0.10306051932275295,proteins,562,True,False,PROTEINS_7,154,4,2
0.00469563715159893,proteins,66,True,False,PROTEINS_8,19,12,2
0.0431860089302063,pubmed,224,True,False,Pubmed_ego_0,64,16,4
0.04665784165263176,pubmed,246,True,False,Pubmed_ego_1,64,16,4
0.06847916729748249,pubmed,404,True,False,Pubmed_ego_2,64,0,0
0.05083408020436764,pubmed,184,False,True,Pubmed_ego_3,64,101,4
0.04753471724689007,pubmed,256,True,False,Pubmed_ego_4,64,12,2
0.048988206312060356,pubmed,176,False,True,Pubmed_ego_5,64,101,8
0.0720007922500372,pubmed,424,True,False,Pubmed_ego_6,64,0,0
0.041990505531430244,pubmed,154,False,True,Pubmed_ego_7,64,101,6
0.026886755600571632,road_networks,95,True,False,roadNet-CA_ego_0,64,4,2
0.02770187146961689,road_networks,100,True,False,roadNet-CA_ego_1,64,4,2
0.029415080323815346,road_networks,109,True,False,roadNet-CA_ego_2,64,0,0
0.02912931703031063,road_networks,107,True,False,roadNet-CA_ego_3,64,2,1
0.03127627447247505,road_networks,113,True,False,roadNet-CA_ego_4,64,8,3
0.027240078896284103,road_networks,99,True,False,roadNet-CA_ego_5,64,0,0
0.032297464087605476,road_networks,84,True,False,roadNet-CA_ego_6,64,64,6
0.027809860184788704,road_networks,102,True,False,roadNet-CA_ego_7,64,0,0
0.0006700325757265091,synthetic_stress,7,True,False,stress_seed0_path,8,16,4
0.001757640391588211,synthetic_stress,8,False,True,stress_seed0_cycle,8,101,1
0.0017267223447561264,synthetic_stress,7,False,True,stress_seed0_star,8,101,1
0.0018345322459936142,synthetic_stress,15,False,True,stress_seed0_clique,6,101,1
0.0031603164970874786,synthetic_stress,14,False,True,stress_seed0_tree,15,101,3
0.00212751142680645,synthetic_stress,12,False,True,stress_seed0_grid,9,101,2
0.0031253881752490997,synthetic_stress,23,False,True,stress_seed0_barbell,12,101,3
0.0008439440280199051,synthetic_stress,14,True,False,stress_seed0_lollipop,9,24,1
0.011448604986071587,wn18rr,63,False,True,WN18RR_ego_0,64,101,1
0.011698702350258827,wn18rr,66,False,True,WN18RR_ego_1,64,101,2
0.011395445093512535,wn18rr,65,False,True,WN18RR_ego_2,64,101,2
0.011933976784348488,wn18rr,68,False,True,WN18RR_ego_3,64,101,3
0.011260664090514183,wn18rr,63,False,True,WN18RR_ego_4,64,101,1
0.012648768723011017,wn18rr,77,False,True,WN18RR_ego_5,64,101,4
0.011561298742890358,wn18rr,63,False,True,WN18RR_ego_6,64,101,1
0.011788921430706978,wn18rr,66,False,True,WN18RR_ego_7,64,101,1
