canonical_fraction,canonicalization_sec_median,canonicalization_sec_p95,canonicalization_sec_total,dataset,edges_mean,encode_sec,environment_platform,environment_python,exact_fraction,fallback_fraction,fit_sec,graphs,nodes_mean,search_nodes_max,total_sec
0.10784030887447535,0.08221846539527178,0.09018702758476138,0.5324698369950056,ast_cfg_cpg,139.125,0.1731223277747631,Linux-6.17.0-23-generic-x86_64-with-glibc2.39,3.12.2,0.0,1.0,4.2319849114865065,8,140.125,101,4.937577076256275
0.014505921270230916,0.17429076693952084,0.21154214451089498,1.4363875593990088,cifar10_sp,927.0,3.1676966585218906,Linux-6.17.0-23-generic-x86_64-with-glibc2.39,3.12.2,1.0,0.0,94.41669030860066,8,115.875,0,99.02077452652156
0.01187596751347645,0.06350925471633673,0.07278586328029632,0.48890649527311325,citeseer,322.75,0.4521166030317545,Linux-6.17.0-23-generic-x86_64-with-glibc2.39,3.12.2,0.875,0.125,40.22669605538249,8,64.0,101,41.16771915368736
0.011216509962796564,0.11902585532516241,0.36030807066708803,1.4580182079225779,collab,1563.5,5.249782195314765,Linux-6.17.0-23-generic-x86_64-with-glibc2.39,3.12.2,0.0,1.0,123.28078006953001,8,48.0,101,129.98858047276735
0.01519798543521848,0.046931750141084194,0.051493130344897504,0.3787214048206806,cora,206.25,0.21932965889573097,Linux-6.17.0-23-generic-x86_64-with-glibc2.39,3.12.2,0.5,0.5,24.32113355025649,8,64.0,101,24.919184613972902
0.05265123202965138,0.010850640945136547,0.05038707060739396,0.1494782753288746,enzymes,127.25,0.06331511959433556,Linux-6.17.0-23-generic-x86_64-with-glibc2.39,3.12.2,0.875,0.125,2.626233719289303,8,33.75,101,2.839027114212513
0.006940800714100357,0.048735867254436016,0.10330384867265818,0.4690171219408512,fb15k_237,198.0,0.5321489460766315,Linux-6.17.0-23-generic-x86_64-with-glibc2.39,3.12.2,0.125,0.875,66.57275533676147,8,64.0,101,67.57392140477896
0.06449930187820377,0.004638921469449997,0.017192417383193968,0.024857357144355774,ieee_power_grid,36.666666666666664,0.014562943950295448,Linux-6.17.0-23-generic-x86_64-with-glibc2.39,3.12.2,1.0,0.0,0.3459692522883415,3,32.666666666666664,32,0.38538955338299274
0.006052051639373383,0.011579225771129131,0.06790556171908972,0.1902975868433714,imdb_binary,202.75,0.14121370762586594,Linux-6.17.0-23-generic-x86_64-with-glibc2.39,3.12.2,0.0,1.0,31.11197236739099,8,26.5,101,31.443483661860228
0.014177886818912867,0.1054754238575697,0.11038009254261852,0.84455706179142,mnist_sp,575.0,1.1386103071272373,Linux-6.17.0-23-generic-x86_64-with-glibc2.39,3.12.2,1.0,0.0,57.58544624596834,8,71.875,0,59.568613614887
0.05641017598508155,0.0024514012038707733,0.006057596858590839,0.02231028862297535,mutag,37.5,0.013210579752922058,Linux-6.17.0-23-generic-x86_64-with-glibc2.39,3.12.2,0.875,0.125,0.3599802665412426,8,17.125,101,0.39550113491714
0.12073004237036683,0.01843945123255253,0.12185296360403298,0.3952247016131878,ogbg_code2,105.5,0.15595495142042637,Linux-6.17.0-23-generic-x86_64-with-glibc2.39,3.12.2,0.25,0.75,2.7224438283592463,8,106.5,101,3.2736234813928604
0.10147871293667825,0.0030748527497053146,0.014194461237639183,0.04165166802704334,ogbg_molhiv,41.75,0.012640908360481262,Linux-6.17.0-23-generic-x86_64-with-glibc2.39,3.12.2,0.5,0.5,0.35615476593375206,8,19.625,101,0.41044734232127666
0.06597022759270138,0.004106347449123859,0.0069483994506299475,0.032639091834425926,ogbg_molpcba,47.0,0.013311341404914856,Linux-6.17.0-23-generic-x86_64-with-glibc2.39,3.12.2,1.0,0.0,0.4488044437021017,8,21.75,32,0.4947548769414425
0.004334745414059544,0.11173410713672638,0.13970435205847023,0.8432436399161816,ogbn_arxiv,436.125,3.154544884338975,Linux-6.17.0-23-generic-x86_64-with-glibc2.39,3.12.2,0.875,0.125,190.53350671194494,8,64.0,101,194.5312952362001
0.05617661222421591,0.00891186110675335,0.11319966791197657,0.27340186946094036,proteins,192.0,0.14479132741689682,Linux-6.17.0-23-generic-x86_64-with-glibc2.39,3.12.2,0.875,0.125,4.448634093627334,8,49.375,101,4.866827290505171
0.007236294275739567,0.04826146177947521,0.07076822351664304,0.41967131942510605,pubmed,258.5,0.41151884011924267,Linux-6.17.0-23-generic-x86_64-with-glibc2.39,3.12.2,0.625,0.375,57.16414604894817,8,64.0,101,57.99533620849252
0.05870527039398055,0.028469588607549667,0.03194004772230983,0.23175670206546783,road_networks,101.125,0.11882185190916061,Linux-6.17.0-23-generic-x86_64-with-glibc2.39,3.12.2,1.0,0.0,3.597222052514553,8,64.0,64,3.9478006064891815
0.07042000885457184,0.0017960863187909126,0.003148091584444046,0.015246087685227394,synthetic_stress,12.5,0.003221619874238968,Linux-6.17.0-23-generic-x86_64-with-glibc2.39,3.12.2,0.25,0.75,0.1980345044285059,8,9.375,101,0.21650221198797226
0.006842213033538629,0.011630000546574593,0.01239859154447913,0.09373638220131397,wn18rr,66.375,0.09058340638875961,Linux-6.17.0-23-generic-x86_64-with-glibc2.39,3.12.2,0.0,1.0,13.51539720967412,8,64.0,101,13.699716998264194
