amortized_artifact_bytes_per_edge,amortized_artifact_bytes_per_graph,artifact_bytes,codebook_size,dataset,interface_vocab_size,train_edges,train_graphs
69.24732229795521,11852.833333333334,71117,1,ast_cfg_cpg,45,1027,6
17.340217391304346,15953.0,95718,1,cifar10_sp,107,5520,6
70.7534983853606,21910.0,131460,1,citeseer,293,1858,6
9.201699181875393,14621.5,87729,1,collab,131,9534,6
78.0923317683881,16633.666666666668,99802,1,cora,174,1278,6
77.99369085173501,8241.333333333334,49448,1,enzymes,63,634,6
105.53588987217306,17888.333333333332,107330,5,fb15k_237,203,1017,6
213.95454545454547,7845.0,23535,2,ieee_power_grid,34,110,3
56.01099706744868,12733.166666666666,76399,1,imdb_binary,97,1364,6
29.85890804597701,17318.166666666668,103909,1,mnist_sp,124,3480,6
66.27027027027027,2452.0,14712,1,mutag,8,222,6
65.80465717981889,8477.833333333334,50867,1,ogbg_code2,41,773,6
71.98913043478261,3311.5,19869,1,ogbg_molhiv,19,276,6
74.11724137931034,3582.3333333333335,21494,1,ogbg_molpcba,21,290,6
9.68652700365174,33599.333333333336,201596,1,ogbg_ppa,542,20812,6
90.36833119931711,35288.833333333336,211733,1,ogbn_arxiv,550,2343,6
61.56277533039648,9316.5,55899,1,proteins,75,908,6
73.02684563758389,18135.0,108810,1,pubmed,199,1490,6
157.1653290529695,16319.0,97914,1,road_networks,129,623,6
192.61904761904762,2022.5,12135,1,synthetic_stress,10,63,6
34.33830845771144,2300.6666666666665,13804,1,wn18rr,11,402,6
