dataset,elapsed_sec,records,status,test,train
ast_cfg_cpg,1.2007794249802828,8,ok,1,6
cifar10_sp,105.57602114602923,60,ok,9,42
citeseer,13.471026947721839,60,ok,9,42
collab,427.9648135583848,60,ok,9,42
cora,8.623219007626176,60,ok,9,42
enzymes,3.263505322858691,60,ok,9,42
fb15k_237,28.114728154614568,60,ok,9,42
ieee_power_grid,0.045347584411501884,3,ok,0,2
imdb_binary,6.9053701143711805,60,ok,9,42
mnist_sp,43.4474081415683,60,ok,9,42
mutag,0.8365146741271019,60,ok,9,42
ogbg_code2,0.8235784284770489,8,ok,1,6
ogbg_molhiv,0.6543263215571642,60,ok,9,42
ogbg_molpcba,1.300430977717042,60,ok,9,42
ogbg_ppa,235.19701264426112,8,ok,1,6
ogbn_arxiv,56.89687845669687,60,ok,9,42
proteins,6.177521241828799,57,ok,8,40
pubmed,14.817975616082549,60,ok,9,42
road_networks,0.8306480534374714,8,ok,1,6
synthetic_stress,0.48648510314524174,42,ok,7,29
wn18rr,3.024576121941209,60,ok,9,42
