dataset,fit_sec,graphs,mean_bits_per_edge,mean_canonical_exact_completion,mean_complete_token_bytes,mean_edge_f1,mean_id_tokens_per_edge,mean_identifier_bytes,mean_lossless_expand_match,mean_num_edges,mean_num_nodes,mean_original_tokens,mean_payload_bytes,mean_permutation_stability,mean_strict_audit_skipped,mean_strict_topology_exact,mean_tokens,mean_wl_hash_match
ast_cfg_cpg,0.976751571521163,1,5.618965402376536,0.0,10029.0,1.0,1.109375,985.0,1.0,64.0,65.0,142.0,4654.0,0.6666666666666666,0.0,1.0,71.0,1.0
cifar10_sp,56.03202665038407,9,11.223233762042845,1.0,107291.22222222222,0.0,1.1764208083645586,16401.0,1.0,948.4444444444445,118.55555555555556,1693.3333333333333,19910.555555555555,1.0,1.0,0.0,1116.111111111111,0.0
citeseer,8.010578302666545,9,10.832462245955796,0.1111111111111111,25081.11111111111,0.0,0.9148611556141949,3275.4444444444443,1.0,253.33333333333334,55.0,350.0,7207.888888888889,1.0,1.0,0.0,232.88888888888889,0.0
collab,231.22028801590204,9,7.416095966864875,0.0,76606.66666666667,0.0,0.5027199154335843,11224.222222222223,1.0,1651.5555555555557,56.55555555555556,2559.3333333333335,16694.777777777777,0.925925925925926,1.0,0.0,745.4444444444445,0.0
cora,5.214923296123743,9,9.620569887747429,0.3333333333333333,18930.11111111111,0.0,0.8412282132831235,2134.0,1.0,185.77777777777777,50.0,248.11111111111111,7248.0,0.9629629629629629,1.0,0.0,152.44444444444446,0.0
enzymes,2.536346795037389,9,8.721867345744153,0.8888888888888888,7618.888888888889,0.0,1.0586913530386808,1028.111111111111,1.0,69.77777777777777,17.444444444444443,97.11111111111111,1984.111111111111,1.0,1.0,0.0,74.44444444444444,0.0
fb15k_237,13.070193337276578,9,7.157047225486202,0.1111111111111111,39528.88888888889,0.10606060606060606,0.9177798973440334,5174.0,1.0,358.44444444444446,64.0,600.5555555555555,11136.111111111111,1.0,0.8888888888888888,0.1111111111111111,367.8888888888889,1.0
ieee_power_grid,0.0453356821089983,0,0.0,0.0,0.0,0.0,0.0,0.0,0.0,0.0,0.0,0.0,0.0,0.0,0.0,0.0,0.0,0.0
imdb_binary,4.1680296789854765,9,6.488837331831613,0.0,10556.111111111111,0.0,0.6053142604543765,1419.2222222222222,1.0,188.44444444444446,16.333333333333332,286.0,2693.222222222222,1.0,1.0,0.0,102.22222222222223,0.0
mnist_sp,23.998927300795913,9,11.033258515787761,1.0,63068.555555555555,0.0,1.1774836318930246,9600.444444444445,1.0,555.5555555555555,69.44444444444444,999.2222222222222,11870.444444444445,1.0,1.0,0.0,654.2222222222222,0.0
mutag,0.44919854775071144,9,7.946213381632993,0.8888888888888888,5215.888888888889,0.0,0.9798192824256547,609.7777777777778,1.0,45.333333333333336,20.333333333333332,55.333333333333336,1862.2222222222222,0.9629629629629629,1.0,0.0,44.666666666666664,0.0
ogbg_code2,0.7560065723955631,1,6.330841126375106,0.0,4948.0,1.0,1.2903225806451613,550.0,1.0,31.0,32.0,70.0,1917.0,0.6666666666666666,0.0,1.0,40.0,1.0
ogbg_molhiv,0.4532054662704468,9,7.868611446103959,1.0,2703.0,0.0,0.947530864197531,255.33333333333334,1.0,20.666666666666668,10.777777777777779,25.666666666666668,1244.7777777777778,1.0,1.0,0.0,19.666666666666668,0.0
ogbg_molpcba,0.7292684074491262,9,8.25979553314205,1.0,6691.111111111111,0.0,0.9935899498280902,822.2222222222222,1.0,60.22222222222222,27.11111111111111,71.77777777777777,2209.5555555555557,1.0,1.0,0.0,59.55555555555556,0.0
ogbg_ppa,199.38493853993714,1,14.978637480928864,0.0,277765.0,0.0,1.0292047853624209,41410.0,1.0,2842.0,170.0,4273.0,50885.0,1.0,1.0,0.0,2925.0,0.0
ogbn_arxiv,39.10501782782376,9,13.086941931654309,0.5555555555555556,49202.444444444445,0.4957225835038455,1.8030322399921157,7594.444444444444,1.0,283.8888888888889,64.0,824.3333333333334,8401.777777777777,1.0,0.0,1.0,518.5555555555555,1.0
proteins,3.363496296107769,8,8.875921659466774,0.75,18490.125,0.0,1.027468450761292,2652.875,1.0,184.0,51.5,243.75,4135.5,1.0,1.0,0.0,188.875,0.0
pubmed,6.929504068568349,9,10.072991227112329,0.2222222222222222,32533.777777777777,0.0,0.7975123342872948,3991.1111111111113,1.0,332.22222222222223,64.0,466.0,10649.0,0.9629629629629629,1.0,0.0,284.1111111111111,0.0
road_networks,0.5241105165332556,1,10.190014000139625,1.0,20982.0,1.0,2.1666666666666665,3103.0,1.0,102.0,64.0,263.0,4227.0,1.0,0.0,1.0,221.0,1.0
synthetic_stress,0.24060963466763496,7,8.067131760904896,0.8571428571428571,4698.142857142857,1.0,1.8459863945578232,463.7142857142857,1.0,19.285714285714285,12.0,53.42857142857143,2097.8571428571427,1.0,0.0,1.0,34.57142857142857,1.0
wn18rr,1.5801515374332666,9,2.122905308662269,0.0,5754.666666666667,0.16831220622907,0.4969386587259394,475.8888888888889,1.0,71.0,64.0,159.55555555555554,2994.5555555555557,0.7777777777777778,0.2222222222222222,0.7777777777777778,37.333333333333336,1.0
