dataset,graph_id,permutation_stability,tokens,view
ast_cfg_cpg,program_ast_build_kdd_submission_bundle.py_4,0.0,150,edge_list
ast_cfg_cpg,program_ast_build_kdd_submission_bundle.py_4,0.0,150,canonical_edge_list
ast_cfg_cpg,program_ast_build_kdd_submission_bundle.py_4,0.0,151,adjacency_list
ast_cfg_cpg,program_ast_build_kdd_submission_bundle.py_4,0.0,151,canonical_adjacency_list
ast_cfg_cpg,program_ast_build_kdd_submission_bundle.py_4,0.0,151,dfs_order
ast_cfg_cpg,program_ast_build_kdd_submission_bundle.py_4,0.0,151,canonical_dfs_order
ast_cfg_cpg,program_ast_build_kdd_submission_bundle.py_4,0.0,151,bfs_order
ast_cfg_cpg,program_ast_build_kdd_submission_bundle.py_4,0.0,151,canonical_bfs_order
ast_cfg_cpg,program_ast_build_kdd_submission_bundle.py_4,0.0,45,edge_list_bpe
ast_cfg_cpg,program_ast_build_kdd_submission_bundle.py_4,0.0,150,canonical_edge_list_bpe
ast_cfg_cpg,program_ast_build_kdd_submission_bundle.py_4,0.0,121,canonical_adjacency_list_bpe
ast_cfg_cpg,program_ast_build_kdd_submission_bundle.py_4,0.0,151,canonical_dfs_order_bpe
ast_cfg_cpg,program_ast_build_kdd_submission_bundle.py_4,0.0,151,canonical_bfs_order_bpe
ast_cfg_cpg,program_ast_build_kdd_submission_bundle.py_4,1.0,107,rps_gtok_identifier
ast_cfg_cpg,program_ast_download_real_datasets.py_9,0.0,185,edge_list
ast_cfg_cpg,program_ast_download_real_datasets.py_9,0.0,185,canonical_edge_list
ast_cfg_cpg,program_ast_download_real_datasets.py_9,0.0,186,adjacency_list
ast_cfg_cpg,program_ast_download_real_datasets.py_9,0.0,186,canonical_adjacency_list
ast_cfg_cpg,program_ast_download_real_datasets.py_9,0.0,186,dfs_order
ast_cfg_cpg,program_ast_download_real_datasets.py_9,0.0,186,canonical_dfs_order
ast_cfg_cpg,program_ast_download_real_datasets.py_9,0.0,186,bfs_order
ast_cfg_cpg,program_ast_download_real_datasets.py_9,0.0,186,canonical_bfs_order
ast_cfg_cpg,program_ast_download_real_datasets.py_9,0.0,87,edge_list_bpe
ast_cfg_cpg,program_ast_download_real_datasets.py_9,0.0,185,canonical_edge_list_bpe
ast_cfg_cpg,program_ast_download_real_datasets.py_9,0.0,162,canonical_adjacency_list_bpe
ast_cfg_cpg,program_ast_download_real_datasets.py_9,0.0,186,canonical_dfs_order_bpe
ast_cfg_cpg,program_ast_download_real_datasets.py_9,0.0,186,canonical_bfs_order_bpe
ast_cfg_cpg,program_ast_download_real_datasets.py_9,1.0,84,rps_gtok_identifier
ast_cfg_cpg,program_ast_export_kdd_tables.py_11,0.0,172,edge_list
ast_cfg_cpg,program_ast_export_kdd_tables.py_11,0.0,172,canonical_edge_list
ast_cfg_cpg,program_ast_export_kdd_tables.py_11,0.0,173,adjacency_list
ast_cfg_cpg,program_ast_export_kdd_tables.py_11,0.0,173,canonical_adjacency_list
ast_cfg_cpg,program_ast_export_kdd_tables.py_11,0.0,173,dfs_order
ast_cfg_cpg,program_ast_export_kdd_tables.py_11,0.0,173,canonical_dfs_order
ast_cfg_cpg,program_ast_export_kdd_tables.py_11,0.0,173,bfs_order
ast_cfg_cpg,program_ast_export_kdd_tables.py_11,0.0,173,canonical_bfs_order
ast_cfg_cpg,program_ast_export_kdd_tables.py_11,0.0,45,edge_list_bpe
ast_cfg_cpg,program_ast_export_kdd_tables.py_11,0.0,172,canonical_edge_list_bpe
ast_cfg_cpg,program_ast_export_kdd_tables.py_11,0.0,145,canonical_adjacency_list_bpe
ast_cfg_cpg,program_ast_export_kdd_tables.py_11,0.0,173,canonical_dfs_order_bpe
ast_cfg_cpg,program_ast_export_kdd_tables.py_11,0.0,173,canonical_bfs_order_bpe
ast_cfg_cpg,program_ast_export_kdd_tables.py_11,1.0,99,rps_gtok_identifier
ast_cfg_cpg,program_ast_run_kdd_goal_audit.py_25,0.0,177,edge_list
ast_cfg_cpg,program_ast_run_kdd_goal_audit.py_25,0.0,177,canonical_edge_list
ast_cfg_cpg,program_ast_run_kdd_goal_audit.py_25,0.0,178,adjacency_list
ast_cfg_cpg,program_ast_run_kdd_goal_audit.py_25,0.0,178,canonical_adjacency_list
ast_cfg_cpg,program_ast_run_kdd_goal_audit.py_25,0.0,178,dfs_order
ast_cfg_cpg,program_ast_run_kdd_goal_audit.py_25,0.0,178,canonical_dfs_order
ast_cfg_cpg,program_ast_run_kdd_goal_audit.py_25,0.0,178,bfs_order
ast_cfg_cpg,program_ast_run_kdd_goal_audit.py_25,0.0,178,canonical_bfs_order
ast_cfg_cpg,program_ast_run_kdd_goal_audit.py_25,0.0,78,edge_list_bpe
ast_cfg_cpg,program_ast_run_kdd_goal_audit.py_25,0.0,177,canonical_edge_list_bpe
ast_cfg_cpg,program_ast_run_kdd_goal_audit.py_25,0.0,137,canonical_adjacency_list_bpe
ast_cfg_cpg,program_ast_run_kdd_goal_audit.py_25,0.0,177,canonical_dfs_order_bpe
ast_cfg_cpg,program_ast_run_kdd_goal_audit.py_25,0.0,178,canonical_bfs_order_bpe
ast_cfg_cpg,program_ast_run_kdd_goal_audit.py_25,1.0,88,rps_gtok_identifier
ast_cfg_cpg,program_ast_run_kdd_readiness_audit.py_26,0.0,173,edge_list
ast_cfg_cpg,program_ast_run_kdd_readiness_audit.py_26,0.0,173,canonical_edge_list
ast_cfg_cpg,program_ast_run_kdd_readiness_audit.py_26,0.0,174,adjacency_list
ast_cfg_cpg,program_ast_run_kdd_readiness_audit.py_26,0.0,174,canonical_adjacency_list
ast_cfg_cpg,program_ast_run_kdd_readiness_audit.py_26,0.0,174,dfs_order
ast_cfg_cpg,program_ast_run_kdd_readiness_audit.py_26,0.0,174,canonical_dfs_order
ast_cfg_cpg,program_ast_run_kdd_readiness_audit.py_26,0.0,174,bfs_order
ast_cfg_cpg,program_ast_run_kdd_readiness_audit.py_26,0.0,174,canonical_bfs_order
ast_cfg_cpg,program_ast_run_kdd_readiness_audit.py_26,0.0,80,edge_list_bpe
ast_cfg_cpg,program_ast_run_kdd_readiness_audit.py_26,0.0,173,canonical_edge_list_bpe
ast_cfg_cpg,program_ast_run_kdd_readiness_audit.py_26,0.0,139,canonical_adjacency_list_bpe
ast_cfg_cpg,program_ast_run_kdd_readiness_audit.py_26,0.0,173,canonical_dfs_order_bpe
ast_cfg_cpg,program_ast_run_kdd_readiness_audit.py_26,0.0,174,canonical_bfs_order_bpe
ast_cfg_cpg,program_ast_run_kdd_readiness_audit.py_26,1.0,113,rps_gtok_identifier
ast_cfg_cpg,program_ast_run_objective_audit.py_28,0.0,170,edge_list
ast_cfg_cpg,program_ast_run_objective_audit.py_28,0.0,170,canonical_edge_list
ast_cfg_cpg,program_ast_run_objective_audit.py_28,0.0,171,adjacency_list
ast_cfg_cpg,program_ast_run_objective_audit.py_28,0.0,171,canonical_adjacency_list
ast_cfg_cpg,program_ast_run_objective_audit.py_28,0.0,171,dfs_order
ast_cfg_cpg,program_ast_run_objective_audit.py_28,0.0,171,canonical_dfs_order
ast_cfg_cpg,program_ast_run_objective_audit.py_28,0.0,171,bfs_order
ast_cfg_cpg,program_ast_run_objective_audit.py_28,0.0,171,canonical_bfs_order
ast_cfg_cpg,program_ast_run_objective_audit.py_28,0.0,50,edge_list_bpe
ast_cfg_cpg,program_ast_run_objective_audit.py_28,0.0,170,canonical_edge_list_bpe
ast_cfg_cpg,program_ast_run_objective_audit.py_28,0.0,150,canonical_adjacency_list_bpe
ast_cfg_cpg,program_ast_run_objective_audit.py_28,0.0,171,canonical_dfs_order_bpe
ast_cfg_cpg,program_ast_run_objective_audit.py_28,0.0,171,canonical_bfs_order_bpe
ast_cfg_cpg,program_ast_run_objective_audit.py_28,1.0,102,rps_gtok_identifier
cifar10_sp,GNNBenchmark_CIFAR10_0,0.0,526,edge_list
cifar10_sp,GNNBenchmark_CIFAR10_0,1.0,526,canonical_edge_list
cifar10_sp,GNNBenchmark_CIFAR10_0,0.0,110,adjacency_list
cifar10_sp,GNNBenchmark_CIFAR10_0,1.0,110,canonical_adjacency_list
cifar10_sp,GNNBenchmark_CIFAR10_0,0.0,110,dfs_order
cifar10_sp,GNNBenchmark_CIFAR10_0,1.0,110,canonical_dfs_order
cifar10_sp,GNNBenchmark_CIFAR10_0,0.0,110,bfs_order
cifar10_sp,GNNBenchmark_CIFAR10_0,1.0,110,canonical_bfs_order
cifar10_sp,GNNBenchmark_CIFAR10_0,0.0,517,edge_list_bpe
cifar10_sp,GNNBenchmark_CIFAR10_0,1.0,512,canonical_edge_list_bpe
cifar10_sp,GNNBenchmark_CIFAR10_0,1.0,110,canonical_adjacency_list_bpe
cifar10_sp,GNNBenchmark_CIFAR10_0,1.0,110,canonical_dfs_order_bpe
cifar10_sp,GNNBenchmark_CIFAR10_0,1.0,110,canonical_bfs_order_bpe
cifar10_sp,GNNBenchmark_CIFAR10_0,1.0,59,rps_gtok_identifier
cifar10_sp,GNNBenchmark_CIFAR10_1,0.0,571,edge_list
cifar10_sp,GNNBenchmark_CIFAR10_1,1.0,571,canonical_edge_list
cifar10_sp,GNNBenchmark_CIFAR10_1,0.0,117,adjacency_list
cifar10_sp,GNNBenchmark_CIFAR10_1,1.0,117,canonical_adjacency_list
cifar10_sp,GNNBenchmark_CIFAR10_1,0.0,117,dfs_order
cifar10_sp,GNNBenchmark_CIFAR10_1,1.0,117,canonical_dfs_order
cifar10_sp,GNNBenchmark_CIFAR10_1,0.0,117,bfs_order
cifar10_sp,GNNBenchmark_CIFAR10_1,1.0,117,canonical_bfs_order
cifar10_sp,GNNBenchmark_CIFAR10_1,0.0,559,edge_list_bpe
cifar10_sp,GNNBenchmark_CIFAR10_1,1.0,562,canonical_edge_list_bpe
cifar10_sp,GNNBenchmark_CIFAR10_1,1.0,117,canonical_adjacency_list_bpe
cifar10_sp,GNNBenchmark_CIFAR10_1,1.0,117,canonical_dfs_order_bpe
cifar10_sp,GNNBenchmark_CIFAR10_1,1.0,117,canonical_bfs_order_bpe
cifar10_sp,GNNBenchmark_CIFAR10_1,1.0,55,rps_gtok_identifier
cifar10_sp,GNNBenchmark_CIFAR10_2,0.0,545,edge_list
cifar10_sp,GNNBenchmark_CIFAR10_2,1.0,545,canonical_edge_list
cifar10_sp,GNNBenchmark_CIFAR10_2,0.0,114,adjacency_list
cifar10_sp,GNNBenchmark_CIFAR10_2,1.0,114,canonical_adjacency_list
cifar10_sp,GNNBenchmark_CIFAR10_2,0.0,114,dfs_order
cifar10_sp,GNNBenchmark_CIFAR10_2,1.0,114,canonical_dfs_order
cifar10_sp,GNNBenchmark_CIFAR10_2,0.0,114,bfs_order
cifar10_sp,GNNBenchmark_CIFAR10_2,1.0,114,canonical_bfs_order
cifar10_sp,GNNBenchmark_CIFAR10_2,0.0,531,edge_list_bpe
cifar10_sp,GNNBenchmark_CIFAR10_2,1.0,533,canonical_edge_list_bpe
cifar10_sp,GNNBenchmark_CIFAR10_2,1.0,114,canonical_adjacency_list_bpe
cifar10_sp,GNNBenchmark_CIFAR10_2,1.0,114,canonical_dfs_order_bpe
cifar10_sp,GNNBenchmark_CIFAR10_2,1.0,114,canonical_bfs_order_bpe
cifar10_sp,GNNBenchmark_CIFAR10_2,1.0,64,rps_gtok_identifier
cifar10_sp,GNNBenchmark_CIFAR10_3,0.0,548,edge_list
cifar10_sp,GNNBenchmark_CIFAR10_3,1.0,548,canonical_edge_list
cifar10_sp,GNNBenchmark_CIFAR10_3,0.0,114,adjacency_list
cifar10_sp,GNNBenchmark_CIFAR10_3,1.0,114,canonical_adjacency_list
cifar10_sp,GNNBenchmark_CIFAR10_3,0.0,114,dfs_order
cifar10_sp,GNNBenchmark_CIFAR10_3,1.0,114,canonical_dfs_order
cifar10_sp,GNNBenchmark_CIFAR10_3,0.0,114,bfs_order
cifar10_sp,GNNBenchmark_CIFAR10_3,1.0,114,canonical_bfs_order
cifar10_sp,GNNBenchmark_CIFAR10_3,0.0,542,edge_list_bpe
cifar10_sp,GNNBenchmark_CIFAR10_3,1.0,537,canonical_edge_list_bpe
cifar10_sp,GNNBenchmark_CIFAR10_3,1.0,114,canonical_adjacency_list_bpe
cifar10_sp,GNNBenchmark_CIFAR10_3,1.0,114,canonical_dfs_order_bpe
cifar10_sp,GNNBenchmark_CIFAR10_3,1.0,114,canonical_bfs_order_bpe
cifar10_sp,GNNBenchmark_CIFAR10_3,1.0,63,rps_gtok_identifier
cifar10_sp,GNNBenchmark_CIFAR10_4,0.0,565,edge_list
cifar10_sp,GNNBenchmark_CIFAR10_4,1.0,565,canonical_edge_list
cifar10_sp,GNNBenchmark_CIFAR10_4,0.0,118,adjacency_list
cifar10_sp,GNNBenchmark_CIFAR10_4,1.0,118,canonical_adjacency_list
cifar10_sp,GNNBenchmark_CIFAR10_4,0.0,118,dfs_order
cifar10_sp,GNNBenchmark_CIFAR10_4,1.0,118,canonical_dfs_order
cifar10_sp,GNNBenchmark_CIFAR10_4,0.0,118,bfs_order
cifar10_sp,GNNBenchmark_CIFAR10_4,1.0,118,canonical_bfs_order
cifar10_sp,GNNBenchmark_CIFAR10_4,0.0,555,edge_list_bpe
cifar10_sp,GNNBenchmark_CIFAR10_4,1.0,561,canonical_edge_list_bpe
cifar10_sp,GNNBenchmark_CIFAR10_4,1.0,118,canonical_adjacency_list_bpe
cifar10_sp,GNNBenchmark_CIFAR10_4,1.0,118,canonical_dfs_order_bpe
cifar10_sp,GNNBenchmark_CIFAR10_4,1.0,118,canonical_bfs_order_bpe
cifar10_sp,GNNBenchmark_CIFAR10_4,1.0,53,rps_gtok_identifier
cifar10_sp,GNNBenchmark_CIFAR10_5,0.0,562,edge_list
cifar10_sp,GNNBenchmark_CIFAR10_5,1.0,562,canonical_edge_list
cifar10_sp,GNNBenchmark_CIFAR10_5,0.0,117,adjacency_list
cifar10_sp,GNNBenchmark_CIFAR10_5,1.0,117,canonical_adjacency_list
cifar10_sp,GNNBenchmark_CIFAR10_5,0.0,117,dfs_order
cifar10_sp,GNNBenchmark_CIFAR10_5,1.0,117,canonical_dfs_order
cifar10_sp,GNNBenchmark_CIFAR10_5,0.0,117,bfs_order
cifar10_sp,GNNBenchmark_CIFAR10_5,1.0,117,canonical_bfs_order
cifar10_sp,GNNBenchmark_CIFAR10_5,0.0,549,edge_list_bpe
cifar10_sp,GNNBenchmark_CIFAR10_5,1.0,552,canonical_edge_list_bpe
cifar10_sp,GNNBenchmark_CIFAR10_5,1.0,117,canonical_adjacency_list_bpe
cifar10_sp,GNNBenchmark_CIFAR10_5,1.0,117,canonical_dfs_order_bpe
cifar10_sp,GNNBenchmark_CIFAR10_5,1.0,117,canonical_bfs_order_bpe
cifar10_sp,GNNBenchmark_CIFAR10_5,1.0,68,rps_gtok_identifier
citeseer,Citeseer_ego_0,0.0,141,edge_list
citeseer,Citeseer_ego_0,1.0,141,canonical_edge_list
citeseer,Citeseer_ego_0,0.0,64,adjacency_list
citeseer,Citeseer_ego_0,1.0,64,canonical_adjacency_list
citeseer,Citeseer_ego_0,0.0,64,dfs_order
citeseer,Citeseer_ego_0,1.0,64,canonical_dfs_order
citeseer,Citeseer_ego_0,0.0,64,bfs_order
citeseer,Citeseer_ego_0,1.0,64,canonical_bfs_order
citeseer,Citeseer_ego_0,0.0,140,edge_list_bpe
citeseer,Citeseer_ego_0,1.0,129,canonical_edge_list_bpe
citeseer,Citeseer_ego_0,1.0,64,canonical_adjacency_list_bpe
citeseer,Citeseer_ego_0,1.0,64,canonical_dfs_order_bpe
citeseer,Citeseer_ego_0,1.0,48,canonical_bfs_order_bpe
citeseer,Citeseer_ego_0,1.0,59,rps_gtok_identifier
citeseer,Citeseer_ego_1,0.0,89,edge_list
citeseer,Citeseer_ego_1,0.0,89,canonical_edge_list
citeseer,Citeseer_ego_1,0.0,64,adjacency_list
citeseer,Citeseer_ego_1,0.0,64,canonical_adjacency_list
citeseer,Citeseer_ego_1,0.0,64,dfs_order
citeseer,Citeseer_ego_1,0.0,64,canonical_dfs_order
citeseer,Citeseer_ego_1,0.0,64,bfs_order
citeseer,Citeseer_ego_1,1.0,64,canonical_bfs_order
citeseer,Citeseer_ego_1,0.0,89,edge_list_bpe
citeseer,Citeseer_ego_1,0.0,67,canonical_edge_list_bpe
citeseer,Citeseer_ego_1,0.0,64,canonical_adjacency_list_bpe
citeseer,Citeseer_ego_1,0.0,62,canonical_dfs_order_bpe
citeseer,Citeseer_ego_1,1.0,64,canonical_bfs_order_bpe
citeseer,Citeseer_ego_1,0.6666666666666666,44,rps_gtok_identifier
citeseer,Citeseer_ego_2,0.0,195,edge_list
citeseer,Citeseer_ego_2,1.0,195,canonical_edge_list
citeseer,Citeseer_ego_2,0.0,64,adjacency_list
citeseer,Citeseer_ego_2,1.0,64,canonical_adjacency_list
citeseer,Citeseer_ego_2,0.0,64,dfs_order
citeseer,Citeseer_ego_2,1.0,64,canonical_dfs_order
citeseer,Citeseer_ego_2,0.0,64,bfs_order
citeseer,Citeseer_ego_2,1.0,64,canonical_bfs_order
citeseer,Citeseer_ego_2,0.0,1,edge_list_bpe
citeseer,Citeseer_ego_2,1.0,1,canonical_edge_list_bpe
citeseer,Citeseer_ego_2,1.0,1,canonical_adjacency_list_bpe
citeseer,Citeseer_ego_2,1.0,1,canonical_dfs_order_bpe
citeseer,Citeseer_ego_2,1.0,1,canonical_bfs_order_bpe
citeseer,Citeseer_ego_2,1.0,53,rps_gtok_identifier
citeseer,Citeseer_ego_3,0.0,195,edge_list
citeseer,Citeseer_ego_3,1.0,195,canonical_edge_list
citeseer,Citeseer_ego_3,0.0,64,adjacency_list
citeseer,Citeseer_ego_3,1.0,64,canonical_adjacency_list
citeseer,Citeseer_ego_3,0.0,64,dfs_order
citeseer,Citeseer_ego_3,1.0,64,canonical_dfs_order
citeseer,Citeseer_ego_3,0.0,64,bfs_order
citeseer,Citeseer_ego_3,1.0,64,canonical_bfs_order
citeseer,Citeseer_ego_3,0.0,1,edge_list_bpe
citeseer,Citeseer_ego_3,1.0,1,canonical_edge_list_bpe
citeseer,Citeseer_ego_3,1.0,1,canonical_adjacency_list_bpe
citeseer,Citeseer_ego_3,1.0,1,canonical_dfs_order_bpe
citeseer,Citeseer_ego_3,1.0,1,canonical_bfs_order_bpe
citeseer,Citeseer_ego_3,1.0,53,rps_gtok_identifier
citeseer,Citeseer_ego_4,0.0,194,edge_list
citeseer,Citeseer_ego_4,1.0,194,canonical_edge_list
citeseer,Citeseer_ego_4,0.0,64,adjacency_list
citeseer,Citeseer_ego_4,1.0,64,canonical_adjacency_list
citeseer,Citeseer_ego_4,0.0,64,dfs_order
citeseer,Citeseer_ego_4,1.0,64,canonical_dfs_order
citeseer,Citeseer_ego_4,0.0,64,bfs_order
citeseer,Citeseer_ego_4,1.0,64,canonical_bfs_order
citeseer,Citeseer_ego_4,0.0,191,edge_list_bpe
citeseer,Citeseer_ego_4,1.0,185,canonical_edge_list_bpe
citeseer,Citeseer_ego_4,1.0,64,canonical_adjacency_list_bpe
citeseer,Citeseer_ego_4,1.0,64,canonical_dfs_order_bpe
citeseer,Citeseer_ego_4,1.0,48,canonical_bfs_order_bpe
citeseer,Citeseer_ego_4,1.0,63,rps_gtok_identifier
citeseer,Citeseer_ego_5,0.0,115,edge_list
citeseer,Citeseer_ego_5,1.0,115,canonical_edge_list
citeseer,Citeseer_ego_5,0.0,64,adjacency_list
citeseer,Citeseer_ego_5,1.0,64,canonical_adjacency_list
citeseer,Citeseer_ego_5,0.0,64,dfs_order
citeseer,Citeseer_ego_5,1.0,64,canonical_dfs_order
citeseer,Citeseer_ego_5,0.0,64,bfs_order
citeseer,Citeseer_ego_5,1.0,64,canonical_bfs_order
citeseer,Citeseer_ego_5,0.0,115,edge_list_bpe
citeseer,Citeseer_ego_5,1.0,107,canonical_edge_list_bpe
citeseer,Citeseer_ego_5,1.0,64,canonical_adjacency_list_bpe
citeseer,Citeseer_ego_5,1.0,63,canonical_dfs_order_bpe
citeseer,Citeseer_ego_5,1.0,64,canonical_bfs_order_bpe
citeseer,Citeseer_ego_5,1.0,63,rps_gtok_identifier
collab,COLLAB_0,1.0,990,edge_list
collab,COLLAB_0,1.0,990,canonical_edge_list
collab,COLLAB_0,1.0,45,adjacency_list
collab,COLLAB_0,1.0,45,canonical_adjacency_list
collab,COLLAB_0,0.0,45,dfs_order
collab,COLLAB_0,1.0,45,canonical_dfs_order
collab,COLLAB_0,0.0,45,bfs_order
collab,COLLAB_0,1.0,45,canonical_bfs_order
collab,COLLAB_0,1.0,490,edge_list_bpe
collab,COLLAB_0,1.0,490,canonical_edge_list_bpe
collab,COLLAB_0,1.0,45,canonical_adjacency_list_bpe
collab,COLLAB_0,1.0,2,canonical_dfs_order_bpe
collab,COLLAB_0,1.0,14,canonical_bfs_order_bpe
collab,COLLAB_0,1.0,48,rps_gtok_identifier
collab,COLLAB_1,0.0,1094,edge_list
collab,COLLAB_1,1.0,1094,canonical_edge_list
collab,COLLAB_1,0.0,52,adjacency_list
collab,COLLAB_1,1.0,52,canonical_adjacency_list
collab,COLLAB_1,0.0,52,dfs_order
collab,COLLAB_1,1.0,52,canonical_dfs_order
collab,COLLAB_1,0.0,52,bfs_order
collab,COLLAB_1,1.0,52,canonical_bfs_order
collab,COLLAB_1,0.0,671,edge_list_bpe
collab,COLLAB_1,1.0,672,canonical_edge_list_bpe
collab,COLLAB_1,1.0,52,canonical_adjacency_list_bpe
collab,COLLAB_1,1.0,30,canonical_dfs_order_bpe
collab,COLLAB_1,1.0,52,canonical_bfs_order_bpe
collab,COLLAB_1,1.0,48,rps_gtok_identifier
collab,COLLAB_2,0.0,1037,edge_list
collab,COLLAB_2,1.0,1037,canonical_edge_list
collab,COLLAB_2,0.0,52,adjacency_list
collab,COLLAB_2,1.0,52,canonical_adjacency_list
collab,COLLAB_2,0.0,52,dfs_order
collab,COLLAB_2,1.0,52,canonical_dfs_order
collab,COLLAB_2,0.0,52,bfs_order
collab,COLLAB_2,1.0,52,canonical_bfs_order
collab,COLLAB_2,0.0,609,edge_list_bpe
collab,COLLAB_2,1.0,556,canonical_edge_list_bpe
collab,COLLAB_2,1.0,52,canonical_adjacency_list_bpe
collab,COLLAB_2,1.0,17,canonical_dfs_order_bpe
collab,COLLAB_2,1.0,52,canonical_bfs_order_bpe
collab,COLLAB_2,1.0,52,rps_gtok_identifier
collab,COLLAB_3,1.0,496,edge_list
collab,COLLAB_3,1.0,496,canonical_edge_list
collab,COLLAB_3,1.0,32,adjacency_list
collab,COLLAB_3,1.0,32,canonical_adjacency_list
collab,COLLAB_3,0.0,32,dfs_order
collab,COLLAB_3,1.0,32,canonical_dfs_order
collab,COLLAB_3,0.0,32,bfs_order
collab,COLLAB_3,1.0,32,canonical_bfs_order
collab,COLLAB_3,1.0,120,edge_list_bpe
collab,COLLAB_3,1.0,196,canonical_edge_list_bpe
collab,COLLAB_3,1.0,32,canonical_adjacency_list_bpe
collab,COLLAB_3,1.0,1,canonical_dfs_order_bpe
collab,COLLAB_3,1.0,1,canonical_bfs_order_bpe
collab,COLLAB_3,1.0,48,rps_gtok_identifier
collab,COLLAB_4,0.0,1030,edge_list
collab,COLLAB_4,1.0,1030,canonical_edge_list
collab,COLLAB_4,0.0,48,adjacency_list
collab,COLLAB_4,1.0,48,canonical_adjacency_list
collab,COLLAB_4,0.0,48,dfs_order
collab,COLLAB_4,1.0,48,canonical_dfs_order
collab,COLLAB_4,0.0,48,bfs_order
collab,COLLAB_4,1.0,48,canonical_bfs_order
collab,COLLAB_4,0.0,582,edge_list_bpe
collab,COLLAB_4,1.0,531,canonical_edge_list_bpe
collab,COLLAB_4,1.0,48,canonical_adjacency_list_bpe
collab,COLLAB_4,1.0,14,canonical_dfs_order_bpe
collab,COLLAB_4,1.0,48,canonical_bfs_order_bpe
collab,COLLAB_4,1.0,49,rps_gtok_identifier
collab,COLLAB_5,0.0,120,edge_list
collab,COLLAB_5,0.3333333333333333,120,canonical_edge_list
collab,COLLAB_5,0.0,39,adjacency_list
collab,COLLAB_5,0.3333333333333333,39,canonical_adjacency_list
collab,COLLAB_5,0.0,39,dfs_order
collab,COLLAB_5,0.3333333333333333,39,canonical_dfs_order
collab,COLLAB_5,0.0,39,bfs_order
collab,COLLAB_5,1.0,39,canonical_bfs_order
collab,COLLAB_5,0.0,90,edge_list_bpe
collab,COLLAB_5,0.3333333333333333,78,canonical_edge_list_bpe
collab,COLLAB_5,0.3333333333333333,39,canonical_adjacency_list_bpe
collab,COLLAB_5,0.3333333333333333,37,canonical_dfs_order_bpe
collab,COLLAB_5,1.0,39,canonical_bfs_order_bpe
collab,COLLAB_5,1.0,51,rps_gtok_identifier
cora,Cora_ego_0,0.0,120,edge_list
cora,Cora_ego_0,1.0,120,canonical_edge_list
cora,Cora_ego_0,0.0,64,adjacency_list
cora,Cora_ego_0,1.0,64,canonical_adjacency_list
cora,Cora_ego_0,0.0,64,dfs_order
cora,Cora_ego_0,1.0,64,canonical_dfs_order
cora,Cora_ego_0,0.0,64,bfs_order
cora,Cora_ego_0,1.0,64,canonical_bfs_order
cora,Cora_ego_0,0.0,118,edge_list_bpe
cora,Cora_ego_0,1.0,119,canonical_edge_list_bpe
cora,Cora_ego_0,1.0,64,canonical_adjacency_list_bpe
cora,Cora_ego_0,1.0,63,canonical_dfs_order_bpe
cora,Cora_ego_0,1.0,64,canonical_bfs_order_bpe
cora,Cora_ego_0,1.0,53,rps_gtok_identifier
cora,Cora_ego_1,0.0,143,edge_list
cora,Cora_ego_1,1.0,143,canonical_edge_list
cora,Cora_ego_1,0.0,64,adjacency_list
cora,Cora_ego_1,1.0,64,canonical_adjacency_list
cora,Cora_ego_1,0.0,64,dfs_order
cora,Cora_ego_1,1.0,64,canonical_dfs_order
cora,Cora_ego_1,0.0,64,bfs_order
cora,Cora_ego_1,1.0,64,canonical_bfs_order
cora,Cora_ego_1,0.0,139,edge_list_bpe
cora,Cora_ego_1,1.0,142,canonical_edge_list_bpe
cora,Cora_ego_1,1.0,64,canonical_adjacency_list_bpe
cora,Cora_ego_1,1.0,63,canonical_dfs_order_bpe
cora,Cora_ego_1,1.0,64,canonical_bfs_order_bpe
cora,Cora_ego_1,1.0,56,rps_gtok_identifier
cora,Cora_ego_2,0.0,80,edge_list
cora,Cora_ego_2,0.0,80,canonical_edge_list
cora,Cora_ego_2,0.0,64,adjacency_list
cora,Cora_ego_2,0.0,64,canonical_adjacency_list
cora,Cora_ego_2,0.0,64,dfs_order
cora,Cora_ego_2,0.0,64,canonical_dfs_order
cora,Cora_ego_2,0.0,64,bfs_order
cora,Cora_ego_2,1.0,64,canonical_bfs_order
cora,Cora_ego_2,0.0,80,edge_list_bpe
cora,Cora_ego_2,0.0,78,canonical_edge_list_bpe
cora,Cora_ego_2,0.0,64,canonical_adjacency_list_bpe
cora,Cora_ego_2,0.0,64,canonical_dfs_order_bpe
cora,Cora_ego_2,1.0,64,canonical_bfs_order_bpe
cora,Cora_ego_2,0.6666666666666666,37,rps_gtok_identifier
cora,Cora_ego_3,0.0,80,edge_list
cora,Cora_ego_3,0.0,80,canonical_edge_list
cora,Cora_ego_3,0.0,64,adjacency_list
cora,Cora_ego_3,0.0,64,canonical_adjacency_list
cora,Cora_ego_3,0.0,64,dfs_order
cora,Cora_ego_3,0.0,64,canonical_dfs_order
cora,Cora_ego_3,0.0,64,bfs_order
cora,Cora_ego_3,1.0,64,canonical_bfs_order
cora,Cora_ego_3,0.0,80,edge_list_bpe
cora,Cora_ego_3,0.0,77,canonical_edge_list_bpe
cora,Cora_ego_3,0.0,64,canonical_adjacency_list_bpe
cora,Cora_ego_3,0.0,63,canonical_dfs_order_bpe
cora,Cora_ego_3,1.0,64,canonical_bfs_order_bpe
cora,Cora_ego_3,0.0,39,rps_gtok_identifier
cora,Cora_ego_4,0.0,88,edge_list
cora,Cora_ego_4,0.0,88,canonical_edge_list
cora,Cora_ego_4,0.0,64,adjacency_list
cora,Cora_ego_4,0.0,64,canonical_adjacency_list
cora,Cora_ego_4,0.0,64,dfs_order
cora,Cora_ego_4,0.0,64,canonical_dfs_order
cora,Cora_ego_4,0.0,64,bfs_order
cora,Cora_ego_4,1.0,64,canonical_bfs_order
cora,Cora_ego_4,0.0,88,edge_list_bpe
cora,Cora_ego_4,0.0,88,canonical_edge_list_bpe
cora,Cora_ego_4,0.0,64,canonical_adjacency_list_bpe
cora,Cora_ego_4,0.0,64,canonical_dfs_order_bpe
cora,Cora_ego_4,1.0,64,canonical_bfs_order_bpe
cora,Cora_ego_4,1.0,43,rps_gtok_identifier
cora,Cora_ego_5,0.0,128,edge_list
cora,Cora_ego_5,1.0,128,canonical_edge_list
cora,Cora_ego_5,0.0,64,adjacency_list
cora,Cora_ego_5,1.0,64,canonical_adjacency_list
cora,Cora_ego_5,0.0,64,dfs_order
cora,Cora_ego_5,1.0,64,canonical_dfs_order
cora,Cora_ego_5,0.0,64,bfs_order
cora,Cora_ego_5,1.0,64,canonical_bfs_order
cora,Cora_ego_5,0.0,124,edge_list_bpe
cora,Cora_ego_5,1.0,127,canonical_edge_list_bpe
cora,Cora_ego_5,1.0,64,canonical_adjacency_list_bpe
cora,Cora_ego_5,1.0,63,canonical_dfs_order_bpe
cora,Cora_ego_5,1.0,64,canonical_bfs_order_bpe
cora,Cora_ego_5,1.0,59,rps_gtok_identifier
enzymes,ENZYMES_0,0.0,84,edge_list
enzymes,ENZYMES_0,1.0,84,canonical_edge_list
enzymes,ENZYMES_0,0.0,37,adjacency_list
enzymes,ENZYMES_0,1.0,37,canonical_adjacency_list
enzymes,ENZYMES_0,0.0,37,dfs_order
enzymes,ENZYMES_0,1.0,37,canonical_dfs_order
enzymes,ENZYMES_0,0.0,37,bfs_order
enzymes,ENZYMES_0,1.0,37,canonical_bfs_order
enzymes,ENZYMES_0,0.0,69,edge_list_bpe
enzymes,ENZYMES_0,1.0,80,canonical_edge_list_bpe
enzymes,ENZYMES_0,1.0,37,canonical_adjacency_list_bpe
enzymes,ENZYMES_0,1.0,37,canonical_dfs_order_bpe
enzymes,ENZYMES_0,1.0,37,canonical_bfs_order_bpe
enzymes,ENZYMES_0,1.0,45,rps_gtok_identifier
enzymes,ENZYMES_1,0.0,51,edge_list
enzymes,ENZYMES_1,1.0,51,canonical_edge_list
enzymes,ENZYMES_1,0.0,23,adjacency_list
enzymes,ENZYMES_1,1.0,23,canonical_adjacency_list
enzymes,ENZYMES_1,0.0,23,dfs_order
enzymes,ENZYMES_1,1.0,23,canonical_dfs_order
enzymes,ENZYMES_1,0.0,23,bfs_order
enzymes,ENZYMES_1,1.0,23,canonical_bfs_order
enzymes,ENZYMES_1,0.0,39,edge_list_bpe
enzymes,ENZYMES_1,1.0,48,canonical_edge_list_bpe
enzymes,ENZYMES_1,1.0,23,canonical_adjacency_list_bpe
enzymes,ENZYMES_1,1.0,23,canonical_dfs_order_bpe
enzymes,ENZYMES_1,1.0,23,canonical_bfs_order_bpe
enzymes,ENZYMES_1,1.0,29,rps_gtok_identifier
enzymes,ENZYMES_2,0.0,46,edge_list
enzymes,ENZYMES_2,1.0,46,canonical_edge_list
enzymes,ENZYMES_2,0.0,25,adjacency_list
enzymes,ENZYMES_2,1.0,25,canonical_adjacency_list
enzymes,ENZYMES_2,0.0,25,dfs_order
enzymes,ENZYMES_2,1.0,25,canonical_dfs_order
enzymes,ENZYMES_2,0.0,25,bfs_order
enzymes,ENZYMES_2,1.0,25,canonical_bfs_order
enzymes,ENZYMES_2,0.0,29,edge_list_bpe
enzymes,ENZYMES_2,1.0,42,canonical_edge_list_bpe
enzymes,ENZYMES_2,1.0,25,canonical_adjacency_list_bpe
enzymes,ENZYMES_2,1.0,23,canonical_dfs_order_bpe
enzymes,ENZYMES_2,1.0,24,canonical_bfs_order_bpe
enzymes,ENZYMES_2,1.0,25,rps_gtok_identifier
enzymes,ENZYMES_3,0.0,45,edge_list
enzymes,ENZYMES_3,1.0,45,canonical_edge_list
enzymes,ENZYMES_3,0.0,24,adjacency_list
enzymes,ENZYMES_3,1.0,24,canonical_adjacency_list
enzymes,ENZYMES_3,0.0,24,dfs_order
enzymes,ENZYMES_3,1.0,24,canonical_dfs_order
enzymes,ENZYMES_3,0.0,24,bfs_order
enzymes,ENZYMES_3,1.0,24,canonical_bfs_order
enzymes,ENZYMES_3,0.0,29,edge_list_bpe
enzymes,ENZYMES_3,1.0,41,canonical_edge_list_bpe
enzymes,ENZYMES_3,1.0,24,canonical_adjacency_list_bpe
enzymes,ENZYMES_3,1.0,23,canonical_dfs_order_bpe
enzymes,ENZYMES_3,1.0,24,canonical_bfs_order_bpe
enzymes,ENZYMES_3,1.0,25,rps_gtok_identifier
enzymes,ENZYMES_4,0.0,45,edge_list
enzymes,ENZYMES_4,1.0,45,canonical_edge_list
enzymes,ENZYMES_4,0.0,23,adjacency_list
enzymes,ENZYMES_4,1.0,23,canonical_adjacency_list
enzymes,ENZYMES_4,0.0,23,dfs_order
enzymes,ENZYMES_4,1.0,23,canonical_dfs_order
enzymes,ENZYMES_4,0.0,23,bfs_order
enzymes,ENZYMES_4,1.0,23,canonical_bfs_order
enzymes,ENZYMES_4,0.0,27,edge_list_bpe
enzymes,ENZYMES_4,1.0,42,canonical_edge_list_bpe
enzymes,ENZYMES_4,1.0,23,canonical_adjacency_list_bpe
enzymes,ENZYMES_4,1.0,22,canonical_dfs_order_bpe
enzymes,ENZYMES_4,1.0,22,canonical_bfs_order_bpe
enzymes,ENZYMES_4,1.0,28,rps_gtok_identifier
enzymes,ENZYMES_5,0.0,46,edge_list
enzymes,ENZYMES_5,1.0,46,canonical_edge_list
enzymes,ENZYMES_5,0.0,24,adjacency_list
enzymes,ENZYMES_5,1.0,24,canonical_adjacency_list
enzymes,ENZYMES_5,0.0,24,dfs_order
enzymes,ENZYMES_5,1.0,24,canonical_dfs_order
enzymes,ENZYMES_5,0.0,24,bfs_order
enzymes,ENZYMES_5,1.0,24,canonical_bfs_order
enzymes,ENZYMES_5,0.0,30,edge_list_bpe
enzymes,ENZYMES_5,1.0,44,canonical_edge_list_bpe
enzymes,ENZYMES_5,1.0,24,canonical_adjacency_list_bpe
enzymes,ENZYMES_5,1.0,24,canonical_dfs_order_bpe
enzymes,ENZYMES_5,1.0,24,canonical_bfs_order_bpe
enzymes,ENZYMES_5,1.0,31,rps_gtok_identifier
fb15k_237,FB15k-237_ego_0,0.0,156,edge_list
fb15k_237,FB15k-237_ego_0,0.0,156,canonical_edge_list
fb15k_237,FB15k-237_ego_0,0.0,64,adjacency_list
fb15k_237,FB15k-237_ego_0,0.0,64,canonical_adjacency_list
fb15k_237,FB15k-237_ego_0,0.0,1005,dfs_order
fb15k_237,FB15k-237_ego_0,0.0,1005,canonical_dfs_order
fb15k_237,FB15k-237_ego_0,0.0,1005,bfs_order
fb15k_237,FB15k-237_ego_0,0.0,1005,canonical_bfs_order
fb15k_237,FB15k-237_ego_0,0.0,136,edge_list_bpe
fb15k_237,FB15k-237_ego_0,0.0,153,canonical_edge_list_bpe
fb15k_237,FB15k-237_ego_0,0.0,64,canonical_adjacency_list_bpe
fb15k_237,FB15k-237_ego_0,0.0,104,canonical_dfs_order_bpe
fb15k_237,FB15k-237_ego_0,0.0,170,canonical_bfs_order_bpe
fb15k_237,FB15k-237_ego_0,1.0,177,rps_gtok_identifier
fb15k_237,FB15k-237_ego_1,0.0,106,edge_list
fb15k_237,FB15k-237_ego_1,0.0,106,canonical_edge_list
fb15k_237,FB15k-237_ego_1,0.0,64,adjacency_list
fb15k_237,FB15k-237_ego_1,0.0,64,canonical_adjacency_list
fb15k_237,FB15k-237_ego_1,0.0,181,dfs_order
fb15k_237,FB15k-237_ego_1,0.0,181,canonical_dfs_order
fb15k_237,FB15k-237_ego_1,0.0,181,bfs_order
fb15k_237,FB15k-237_ego_1,0.0,181,canonical_bfs_order
fb15k_237,FB15k-237_ego_1,0.0,83,edge_list_bpe
fb15k_237,FB15k-237_ego_1,0.0,105,canonical_edge_list_bpe
fb15k_237,FB15k-237_ego_1,0.0,64,canonical_adjacency_list_bpe
fb15k_237,FB15k-237_ego_1,0.0,168,canonical_dfs_order_bpe
fb15k_237,FB15k-237_ego_1,0.0,176,canonical_bfs_order_bpe
fb15k_237,FB15k-237_ego_1,1.0,117,rps_gtok_identifier
fb15k_237,FB15k-237_ego_2,0.0,140,edge_list
fb15k_237,FB15k-237_ego_2,0.0,140,canonical_edge_list
fb15k_237,FB15k-237_ego_2,0.0,64,adjacency_list
fb15k_237,FB15k-237_ego_2,0.0,64,canonical_adjacency_list
fb15k_237,FB15k-237_ego_2,0.0,899,dfs_order
fb15k_237,FB15k-237_ego_2,0.0,899,canonical_dfs_order
fb15k_237,FB15k-237_ego_2,0.0,899,bfs_order
fb15k_237,FB15k-237_ego_2,0.0,899,canonical_bfs_order
fb15k_237,FB15k-237_ego_2,0.0,128,edge_list_bpe
fb15k_237,FB15k-237_ego_2,0.0,139,canonical_edge_list_bpe
fb15k_237,FB15k-237_ego_2,0.0,64,canonical_adjacency_list_bpe
fb15k_237,FB15k-237_ego_2,0.0,152,canonical_dfs_order_bpe
fb15k_237,FB15k-237_ego_2,0.0,205,canonical_bfs_order_bpe
fb15k_237,FB15k-237_ego_2,1.0,169,rps_gtok_identifier
fb15k_237,FB15k-237_ego_3,0.0,106,edge_list
fb15k_237,FB15k-237_ego_3,0.0,106,canonical_edge_list
fb15k_237,FB15k-237_ego_3,0.0,64,adjacency_list
fb15k_237,FB15k-237_ego_3,0.0,64,canonical_adjacency_list
fb15k_237,FB15k-237_ego_3,0.0,335,dfs_order
fb15k_237,FB15k-237_ego_3,0.0,335,canonical_dfs_order
fb15k_237,FB15k-237_ego_3,0.0,335,bfs_order
fb15k_237,FB15k-237_ego_3,0.0,335,canonical_bfs_order
fb15k_237,FB15k-237_ego_3,0.0,78,edge_list_bpe
fb15k_237,FB15k-237_ego_3,0.0,105,canonical_edge_list_bpe
fb15k_237,FB15k-237_ego_3,0.0,64,canonical_adjacency_list_bpe
fb15k_237,FB15k-237_ego_3,0.0,175,canonical_dfs_order_bpe
fb15k_237,FB15k-237_ego_3,0.0,180,canonical_bfs_order_bpe
fb15k_237,FB15k-237_ego_3,1.0,45,rps_gtok_identifier
fb15k_237,FB15k-237_ego_4,0.0,191,edge_list
fb15k_237,FB15k-237_ego_4,1.0,191,canonical_edge_list
fb15k_237,FB15k-237_ego_4,0.0,64,adjacency_list
fb15k_237,FB15k-237_ego_4,1.0,64,canonical_adjacency_list
fb15k_237,FB15k-237_ego_4,0.0,951,dfs_order
fb15k_237,FB15k-237_ego_4,1.0,951,canonical_dfs_order
fb15k_237,FB15k-237_ego_4,0.0,951,bfs_order
fb15k_237,FB15k-237_ego_4,1.0,951,canonical_bfs_order
fb15k_237,FB15k-237_ego_4,0.0,184,edge_list_bpe
fb15k_237,FB15k-237_ego_4,1.0,187,canonical_edge_list_bpe
fb15k_237,FB15k-237_ego_4,1.0,64,canonical_adjacency_list_bpe
fb15k_237,FB15k-237_ego_4,1.0,195,canonical_dfs_order_bpe
fb15k_237,FB15k-237_ego_4,1.0,306,canonical_bfs_order_bpe
fb15k_237,FB15k-237_ego_4,1.0,213,rps_gtok_identifier
fb15k_237,FB15k-237_ego_5,0.0,94,edge_list
fb15k_237,FB15k-237_ego_5,0.0,94,canonical_edge_list
fb15k_237,FB15k-237_ego_5,0.0,64,adjacency_list
fb15k_237,FB15k-237_ego_5,0.0,64,canonical_adjacency_list
fb15k_237,FB15k-237_ego_5,0.0,419,dfs_order
fb15k_237,FB15k-237_ego_5,0.0,419,canonical_dfs_order
fb15k_237,FB15k-237_ego_5,0.0,419,bfs_order
fb15k_237,FB15k-237_ego_5,0.0,419,canonical_bfs_order
fb15k_237,FB15k-237_ego_5,0.0,67,edge_list_bpe
fb15k_237,FB15k-237_ego_5,0.0,94,canonical_edge_list_bpe
fb15k_237,FB15k-237_ego_5,0.0,64,canonical_adjacency_list_bpe
fb15k_237,FB15k-237_ego_5,0.0,183,canonical_dfs_order_bpe
fb15k_237,FB15k-237_ego_5,0.0,201,canonical_bfs_order_bpe
fb15k_237,FB15k-237_ego_5,1.0,96,rps_gtok_identifier
ieee_power_grid,pandapower_case9,0.0,14,edge_list
ieee_power_grid,pandapower_case9,1.0,14,canonical_edge_list
ieee_power_grid,pandapower_case9,0.0,14,adjacency_list
ieee_power_grid,pandapower_case9,1.0,14,canonical_adjacency_list
ieee_power_grid,pandapower_case9,0.0,14,dfs_order
ieee_power_grid,pandapower_case9,1.0,14,canonical_dfs_order
ieee_power_grid,pandapower_case9,0.0,14,bfs_order
ieee_power_grid,pandapower_case9,1.0,14,canonical_bfs_order
ieee_power_grid,pandapower_case9,0.0,14,edge_list_bpe
ieee_power_grid,pandapower_case9,1.0,13,canonical_edge_list_bpe
ieee_power_grid,pandapower_case9,1.0,14,canonical_adjacency_list_bpe
ieee_power_grid,pandapower_case9,1.0,14,canonical_dfs_order_bpe
ieee_power_grid,pandapower_case9,1.0,14,canonical_bfs_order_bpe
ieee_power_grid,pandapower_case9,1.0,19,rps_gtok_identifier
ieee_power_grid,pandapower_case14,0.0,30,edge_list
ieee_power_grid,pandapower_case14,1.0,30,canonical_edge_list
ieee_power_grid,pandapower_case14,0.0,29,adjacency_list
ieee_power_grid,pandapower_case14,1.0,29,canonical_adjacency_list
ieee_power_grid,pandapower_case14,0.0,241,dfs_order
ieee_power_grid,pandapower_case14,1.0,241,canonical_dfs_order
ieee_power_grid,pandapower_case14,0.0,241,bfs_order
ieee_power_grid,pandapower_case14,1.0,241,canonical_bfs_order
ieee_power_grid,pandapower_case14,0.0,29,edge_list_bpe
ieee_power_grid,pandapower_case14,1.0,30,canonical_edge_list_bpe
ieee_power_grid,pandapower_case14,1.0,29,canonical_adjacency_list_bpe
ieee_power_grid,pandapower_case14,1.0,70,canonical_dfs_order_bpe
ieee_power_grid,pandapower_case14,1.0,80,canonical_bfs_order_bpe
ieee_power_grid,pandapower_case14,1.0,32,rps_gtok_identifier
ieee_power_grid,pandapower_case30,0.0,66,edge_list
ieee_power_grid,pandapower_case30,1.0,66,canonical_edge_list
ieee_power_grid,pandapower_case30,0.0,55,adjacency_list
ieee_power_grid,pandapower_case30,1.0,55,canonical_adjacency_list
ieee_power_grid,pandapower_case30,0.0,55,dfs_order
ieee_power_grid,pandapower_case30,1.0,55,canonical_dfs_order
ieee_power_grid,pandapower_case30,0.0,55,bfs_order
ieee_power_grid,pandapower_case30,1.0,55,canonical_bfs_order
ieee_power_grid,pandapower_case30,0.0,65,edge_list_bpe
ieee_power_grid,pandapower_case30,1.0,65,canonical_edge_list_bpe
ieee_power_grid,pandapower_case30,1.0,55,canonical_adjacency_list_bpe
ieee_power_grid,pandapower_case30,1.0,55,canonical_dfs_order_bpe
ieee_power_grid,pandapower_case30,1.0,55,canonical_bfs_order_bpe
ieee_power_grid,pandapower_case30,1.0,51,rps_gtok_identifier
imdb_binary,IMDB-BINARY_0,0.0,73,edge_list
imdb_binary,IMDB-BINARY_0,1.0,73,canonical_edge_list
imdb_binary,IMDB-BINARY_0,0.0,20,adjacency_list
imdb_binary,IMDB-BINARY_0,1.0,20,canonical_adjacency_list
imdb_binary,IMDB-BINARY_0,0.0,20,dfs_order
imdb_binary,IMDB-BINARY_0,1.0,20,canonical_dfs_order
imdb_binary,IMDB-BINARY_0,0.0,20,bfs_order
imdb_binary,IMDB-BINARY_0,1.0,20,canonical_bfs_order
imdb_binary,IMDB-BINARY_0,0.0,46,edge_list_bpe
imdb_binary,IMDB-BINARY_0,1.0,35,canonical_edge_list_bpe
imdb_binary,IMDB-BINARY_0,1.0,20,canonical_adjacency_list_bpe
imdb_binary,IMDB-BINARY_0,1.0,12,canonical_dfs_order_bpe
imdb_binary,IMDB-BINARY_0,1.0,20,canonical_bfs_order_bpe
imdb_binary,IMDB-BINARY_0,1.0,33,rps_gtok_identifier
imdb_binary,IMDB-BINARY_1,0.0,128,edge_list
imdb_binary,IMDB-BINARY_1,0.0,128,canonical_edge_list
imdb_binary,IMDB-BINARY_1,0.0,32,adjacency_list
imdb_binary,IMDB-BINARY_1,0.0,32,canonical_adjacency_list
imdb_binary,IMDB-BINARY_1,0.0,32,dfs_order
imdb_binary,IMDB-BINARY_1,0.0,32,canonical_dfs_order
imdb_binary,IMDB-BINARY_1,0.0,32,bfs_order
imdb_binary,IMDB-BINARY_1,1.0,32,canonical_bfs_order
imdb_binary,IMDB-BINARY_1,0.0,117,edge_list_bpe
imdb_binary,IMDB-BINARY_1,0.0,101,canonical_edge_list_bpe
imdb_binary,IMDB-BINARY_1,0.0,32,canonical_adjacency_list_bpe
imdb_binary,IMDB-BINARY_1,0.0,28,canonical_dfs_order_bpe
imdb_binary,IMDB-BINARY_1,1.0,32,canonical_bfs_order_bpe
imdb_binary,IMDB-BINARY_1,0.0,59,rps_gtok_identifier
imdb_binary,IMDB-BINARY_2,0.0,81,edge_list
imdb_binary,IMDB-BINARY_2,1.0,81,canonical_edge_list
imdb_binary,IMDB-BINARY_2,0.0,21,adjacency_list
imdb_binary,IMDB-BINARY_2,1.0,21,canonical_adjacency_list
imdb_binary,IMDB-BINARY_2,0.0,21,dfs_order
imdb_binary,IMDB-BINARY_2,1.0,21,canonical_dfs_order
imdb_binary,IMDB-BINARY_2,0.0,21,bfs_order
imdb_binary,IMDB-BINARY_2,1.0,21,canonical_bfs_order
imdb_binary,IMDB-BINARY_2,0.0,56,edge_list_bpe
imdb_binary,IMDB-BINARY_2,1.0,32,canonical_edge_list_bpe
imdb_binary,IMDB-BINARY_2,1.0,21,canonical_adjacency_list_bpe
imdb_binary,IMDB-BINARY_2,1.0,8,canonical_dfs_order_bpe
imdb_binary,IMDB-BINARY_2,1.0,21,canonical_bfs_order_bpe
imdb_binary,IMDB-BINARY_2,1.0,35,rps_gtok_identifier
imdb_binary,IMDB-BINARY_3,0.0,133,edge_list
imdb_binary,IMDB-BINARY_3,1.0,133,canonical_edge_list
imdb_binary,IMDB-BINARY_3,0.0,35,adjacency_list
imdb_binary,IMDB-BINARY_3,1.0,35,canonical_adjacency_list
imdb_binary,IMDB-BINARY_3,0.0,35,dfs_order
imdb_binary,IMDB-BINARY_3,1.0,35,canonical_dfs_order
imdb_binary,IMDB-BINARY_3,0.0,35,bfs_order
imdb_binary,IMDB-BINARY_3,1.0,35,canonical_bfs_order
imdb_binary,IMDB-BINARY_3,0.0,121,edge_list_bpe
imdb_binary,IMDB-BINARY_3,1.0,93,canonical_edge_list_bpe
imdb_binary,IMDB-BINARY_3,1.0,35,canonical_adjacency_list_bpe
imdb_binary,IMDB-BINARY_3,1.0,31,canonical_dfs_order_bpe
imdb_binary,IMDB-BINARY_3,1.0,35,canonical_bfs_order_bpe
imdb_binary,IMDB-BINARY_3,1.0,55,rps_gtok_identifier
imdb_binary,IMDB-BINARY_4,0.0,56,edge_list
imdb_binary,IMDB-BINARY_4,1.0,56,canonical_edge_list
imdb_binary,IMDB-BINARY_4,0.0,14,adjacency_list
imdb_binary,IMDB-BINARY_4,1.0,14,canonical_adjacency_list
imdb_binary,IMDB-BINARY_4,0.0,14,dfs_order
imdb_binary,IMDB-BINARY_4,1.0,14,canonical_dfs_order
imdb_binary,IMDB-BINARY_4,0.0,14,bfs_order
imdb_binary,IMDB-BINARY_4,1.0,14,canonical_bfs_order
imdb_binary,IMDB-BINARY_4,0.0,43,edge_list_bpe
imdb_binary,IMDB-BINARY_4,1.0,33,canonical_edge_list_bpe
imdb_binary,IMDB-BINARY_4,1.0,14,canonical_adjacency_list_bpe
imdb_binary,IMDB-BINARY_4,1.0,7,canonical_dfs_order_bpe
imdb_binary,IMDB-BINARY_4,1.0,14,canonical_bfs_order_bpe
imdb_binary,IMDB-BINARY_4,1.0,26,rps_gtok_identifier
imdb_binary,IMDB-BINARY_5,0.0,211,edge_list
imdb_binary,IMDB-BINARY_5,1.0,211,canonical_edge_list
imdb_binary,IMDB-BINARY_5,0.0,63,adjacency_list
imdb_binary,IMDB-BINARY_5,1.0,63,canonical_adjacency_list
imdb_binary,IMDB-BINARY_5,0.0,63,dfs_order
imdb_binary,IMDB-BINARY_5,1.0,63,canonical_dfs_order
imdb_binary,IMDB-BINARY_5,0.0,63,bfs_order
imdb_binary,IMDB-BINARY_5,1.0,63,canonical_bfs_order
imdb_binary,IMDB-BINARY_5,0.0,211,edge_list_bpe
imdb_binary,IMDB-BINARY_5,1.0,177,canonical_edge_list_bpe
imdb_binary,IMDB-BINARY_5,1.0,63,canonical_adjacency_list_bpe
imdb_binary,IMDB-BINARY_5,1.0,51,canonical_dfs_order_bpe
imdb_binary,IMDB-BINARY_5,1.0,63,canonical_bfs_order_bpe
imdb_binary,IMDB-BINARY_5,1.0,57,rps_gtok_identifier
mnist_sp,GNNBenchmark_MNIST_0,0.0,334,edge_list
mnist_sp,GNNBenchmark_MNIST_0,1.0,334,canonical_edge_list
mnist_sp,GNNBenchmark_MNIST_0,0.0,69,adjacency_list
mnist_sp,GNNBenchmark_MNIST_0,1.0,69,canonical_adjacency_list
mnist_sp,GNNBenchmark_MNIST_0,0.0,69,dfs_order
mnist_sp,GNNBenchmark_MNIST_0,1.0,69,canonical_dfs_order
mnist_sp,GNNBenchmark_MNIST_0,0.0,69,bfs_order
mnist_sp,GNNBenchmark_MNIST_0,1.0,69,canonical_bfs_order
mnist_sp,GNNBenchmark_MNIST_0,0.0,320,edge_list_bpe
mnist_sp,GNNBenchmark_MNIST_0,1.0,320,canonical_edge_list_bpe
mnist_sp,GNNBenchmark_MNIST_0,1.0,69,canonical_adjacency_list_bpe
mnist_sp,GNNBenchmark_MNIST_0,1.0,69,canonical_dfs_order_bpe
mnist_sp,GNNBenchmark_MNIST_0,1.0,69,canonical_bfs_order_bpe
mnist_sp,GNNBenchmark_MNIST_0,1.0,54,rps_gtok_identifier
mnist_sp,GNNBenchmark_MNIST_1,0.0,347,edge_list
mnist_sp,GNNBenchmark_MNIST_1,1.0,347,canonical_edge_list
mnist_sp,GNNBenchmark_MNIST_1,0.0,71,adjacency_list
mnist_sp,GNNBenchmark_MNIST_1,1.0,71,canonical_adjacency_list
mnist_sp,GNNBenchmark_MNIST_1,0.0,71,dfs_order
mnist_sp,GNNBenchmark_MNIST_1,1.0,71,canonical_dfs_order
mnist_sp,GNNBenchmark_MNIST_1,0.0,71,bfs_order
mnist_sp,GNNBenchmark_MNIST_1,1.0,71,canonical_bfs_order
mnist_sp,GNNBenchmark_MNIST_1,0.0,338,edge_list_bpe
mnist_sp,GNNBenchmark_MNIST_1,1.0,338,canonical_edge_list_bpe
mnist_sp,GNNBenchmark_MNIST_1,1.0,71,canonical_adjacency_list_bpe
mnist_sp,GNNBenchmark_MNIST_1,1.0,70,canonical_dfs_order_bpe
mnist_sp,GNNBenchmark_MNIST_1,1.0,71,canonical_bfs_order_bpe
mnist_sp,GNNBenchmark_MNIST_1,1.0,65,rps_gtok_identifier
mnist_sp,GNNBenchmark_MNIST_2,0.0,352,edge_list
mnist_sp,GNNBenchmark_MNIST_2,1.0,352,canonical_edge_list
mnist_sp,GNNBenchmark_MNIST_2,0.0,73,adjacency_list
mnist_sp,GNNBenchmark_MNIST_2,1.0,73,canonical_adjacency_list
mnist_sp,GNNBenchmark_MNIST_2,0.0,73,dfs_order
mnist_sp,GNNBenchmark_MNIST_2,1.0,73,canonical_dfs_order
mnist_sp,GNNBenchmark_MNIST_2,0.0,73,bfs_order
mnist_sp,GNNBenchmark_MNIST_2,1.0,73,canonical_bfs_order
mnist_sp,GNNBenchmark_MNIST_2,0.0,336,edge_list_bpe
mnist_sp,GNNBenchmark_MNIST_2,1.0,340,canonical_edge_list_bpe
mnist_sp,GNNBenchmark_MNIST_2,1.0,73,canonical_adjacency_list_bpe
mnist_sp,GNNBenchmark_MNIST_2,1.0,72,canonical_dfs_order_bpe
mnist_sp,GNNBenchmark_MNIST_2,1.0,69,canonical_bfs_order_bpe
mnist_sp,GNNBenchmark_MNIST_2,1.0,65,rps_gtok_identifier
mnist_sp,GNNBenchmark_MNIST_3,0.0,366,edge_list
mnist_sp,GNNBenchmark_MNIST_3,1.0,366,canonical_edge_list
mnist_sp,GNNBenchmark_MNIST_3,0.0,75,adjacency_list
mnist_sp,GNNBenchmark_MNIST_3,1.0,75,canonical_adjacency_list
mnist_sp,GNNBenchmark_MNIST_3,0.0,75,dfs_order
mnist_sp,GNNBenchmark_MNIST_3,1.0,75,canonical_dfs_order
mnist_sp,GNNBenchmark_MNIST_3,0.0,75,bfs_order
mnist_sp,GNNBenchmark_MNIST_3,1.0,75,canonical_bfs_order
mnist_sp,GNNBenchmark_MNIST_3,0.0,353,edge_list_bpe
mnist_sp,GNNBenchmark_MNIST_3,1.0,351,canonical_edge_list_bpe
mnist_sp,GNNBenchmark_MNIST_3,1.0,75,canonical_adjacency_list_bpe
mnist_sp,GNNBenchmark_MNIST_3,1.0,75,canonical_dfs_order_bpe
mnist_sp,GNNBenchmark_MNIST_3,1.0,75,canonical_bfs_order_bpe
mnist_sp,GNNBenchmark_MNIST_3,1.0,58,rps_gtok_identifier
mnist_sp,GNNBenchmark_MNIST_4,0.0,365,edge_list
mnist_sp,GNNBenchmark_MNIST_4,1.0,365,canonical_edge_list
mnist_sp,GNNBenchmark_MNIST_4,0.0,75,adjacency_list
mnist_sp,GNNBenchmark_MNIST_4,1.0,75,canonical_adjacency_list
mnist_sp,GNNBenchmark_MNIST_4,0.0,75,dfs_order
mnist_sp,GNNBenchmark_MNIST_4,1.0,75,canonical_dfs_order
mnist_sp,GNNBenchmark_MNIST_4,0.0,75,bfs_order
mnist_sp,GNNBenchmark_MNIST_4,1.0,75,canonical_bfs_order
mnist_sp,GNNBenchmark_MNIST_4,0.0,351,edge_list_bpe
mnist_sp,GNNBenchmark_MNIST_4,1.0,351,canonical_edge_list_bpe
mnist_sp,GNNBenchmark_MNIST_4,1.0,75,canonical_adjacency_list_bpe
mnist_sp,GNNBenchmark_MNIST_4,1.0,74,canonical_dfs_order_bpe
mnist_sp,GNNBenchmark_MNIST_4,1.0,75,canonical_bfs_order_bpe
mnist_sp,GNNBenchmark_MNIST_4,1.0,58,rps_gtok_identifier
mnist_sp,GNNBenchmark_MNIST_5,0.0,345,edge_list
mnist_sp,GNNBenchmark_MNIST_5,1.0,345,canonical_edge_list
mnist_sp,GNNBenchmark_MNIST_5,0.0,72,adjacency_list
mnist_sp,GNNBenchmark_MNIST_5,1.0,72,canonical_adjacency_list
mnist_sp,GNNBenchmark_MNIST_5,0.0,72,dfs_order
mnist_sp,GNNBenchmark_MNIST_5,1.0,72,canonical_dfs_order
mnist_sp,GNNBenchmark_MNIST_5,0.0,72,bfs_order
mnist_sp,GNNBenchmark_MNIST_5,1.0,72,canonical_bfs_order
mnist_sp,GNNBenchmark_MNIST_5,0.0,326,edge_list_bpe
mnist_sp,GNNBenchmark_MNIST_5,1.0,327,canonical_edge_list_bpe
mnist_sp,GNNBenchmark_MNIST_5,1.0,72,canonical_adjacency_list_bpe
mnist_sp,GNNBenchmark_MNIST_5,1.0,69,canonical_dfs_order_bpe
mnist_sp,GNNBenchmark_MNIST_5,1.0,68,canonical_bfs_order_bpe
mnist_sp,GNNBenchmark_MNIST_5,1.0,55,rps_gtok_identifier
mutag,MUTAG_0,0.0,19,edge_list
mutag,MUTAG_0,1.0,19,canonical_edge_list
mutag,MUTAG_0,0.0,17,adjacency_list
mutag,MUTAG_0,1.0,17,canonical_adjacency_list
mutag,MUTAG_0,0.0,17,dfs_order
mutag,MUTAG_0,1.0,17,canonical_dfs_order
mutag,MUTAG_0,0.0,17,bfs_order
mutag,MUTAG_0,1.0,17,canonical_bfs_order
mutag,MUTAG_0,0.0,8,edge_list_bpe
mutag,MUTAG_0,1.0,17,canonical_edge_list_bpe
mutag,MUTAG_0,1.0,17,canonical_adjacency_list_bpe
mutag,MUTAG_0,1.0,16,canonical_dfs_order_bpe
mutag,MUTAG_0,1.0,17,canonical_bfs_order_bpe
mutag,MUTAG_0,1.0,22,rps_gtok_identifier
mutag,MUTAG_1,0.0,14,edge_list
mutag,MUTAG_1,1.0,14,canonical_edge_list
mutag,MUTAG_1,0.0,13,adjacency_list
mutag,MUTAG_1,1.0,13,canonical_adjacency_list
mutag,MUTAG_1,0.0,13,dfs_order
mutag,MUTAG_1,1.0,13,canonical_dfs_order
mutag,MUTAG_1,0.0,13,bfs_order
mutag,MUTAG_1,1.0,13,canonical_bfs_order
mutag,MUTAG_1,0.0,4,edge_list_bpe
mutag,MUTAG_1,1.0,1,canonical_edge_list_bpe
mutag,MUTAG_1,1.0,1,canonical_adjacency_list_bpe
mutag,MUTAG_1,1.0,1,canonical_dfs_order_bpe
mutag,MUTAG_1,1.0,1,canonical_bfs_order_bpe
mutag,MUTAG_1,1.0,21,rps_gtok_identifier
mutag,MUTAG_2,0.0,14,edge_list
mutag,MUTAG_2,1.0,14,canonical_edge_list
mutag,MUTAG_2,0.0,13,adjacency_list
mutag,MUTAG_2,1.0,13,canonical_adjacency_list
mutag,MUTAG_2,0.0,13,dfs_order
mutag,MUTAG_2,1.0,13,canonical_dfs_order
mutag,MUTAG_2,0.0,13,bfs_order
mutag,MUTAG_2,1.0,13,canonical_bfs_order
mutag,MUTAG_2,0.0,5,edge_list_bpe
mutag,MUTAG_2,1.0,1,canonical_edge_list_bpe
mutag,MUTAG_2,1.0,1,canonical_adjacency_list_bpe
mutag,MUTAG_2,1.0,1,canonical_dfs_order_bpe
mutag,MUTAG_2,1.0,1,canonical_bfs_order_bpe
mutag,MUTAG_2,1.0,21,rps_gtok_identifier
mutag,MUTAG_3,0.0,22,edge_list
mutag,MUTAG_3,1.0,22,canonical_edge_list
mutag,MUTAG_3,0.0,19,adjacency_list
mutag,MUTAG_3,1.0,19,canonical_adjacency_list
mutag,MUTAG_3,0.0,19,dfs_order
mutag,MUTAG_3,1.0,19,canonical_dfs_order
mutag,MUTAG_3,0.0,19,bfs_order
mutag,MUTAG_3,1.0,19,canonical_bfs_order
mutag,MUTAG_3,0.0,11,edge_list_bpe
mutag,MUTAG_3,1.0,20,canonical_edge_list_bpe
mutag,MUTAG_3,1.0,19,canonical_adjacency_list_bpe
mutag,MUTAG_3,1.0,19,canonical_dfs_order_bpe
mutag,MUTAG_3,1.0,19,canonical_bfs_order_bpe
mutag,MUTAG_3,1.0,19,rps_gtok_identifier
mutag,MUTAG_4,0.0,11,edge_list
mutag,MUTAG_4,1.0,11,canonical_edge_list
mutag,MUTAG_4,0.0,11,adjacency_list
mutag,MUTAG_4,1.0,11,canonical_adjacency_list
mutag,MUTAG_4,0.0,11,dfs_order
mutag,MUTAG_4,1.0,11,canonical_dfs_order
mutag,MUTAG_4,0.0,11,bfs_order
mutag,MUTAG_4,1.0,11,canonical_bfs_order
mutag,MUTAG_4,0.0,7,edge_list_bpe
mutag,MUTAG_4,1.0,10,canonical_edge_list_bpe
mutag,MUTAG_4,1.0,11,canonical_adjacency_list_bpe
mutag,MUTAG_4,1.0,11,canonical_dfs_order_bpe
mutag,MUTAG_4,1.0,11,canonical_bfs_order_bpe
mutag,MUTAG_4,1.0,12,rps_gtok_identifier
mutag,MUTAG_5,0.0,31,edge_list
mutag,MUTAG_5,0.0,31,canonical_edge_list
mutag,MUTAG_5,0.0,28,adjacency_list
mutag,MUTAG_5,0.0,28,canonical_adjacency_list
mutag,MUTAG_5,0.0,28,dfs_order
mutag,MUTAG_5,0.0,28,canonical_dfs_order
mutag,MUTAG_5,0.0,28,bfs_order
mutag,MUTAG_5,0.0,28,canonical_bfs_order
mutag,MUTAG_5,0.0,18,edge_list_bpe
mutag,MUTAG_5,0.0,30,canonical_edge_list_bpe
mutag,MUTAG_5,0.0,28,canonical_adjacency_list_bpe
mutag,MUTAG_5,0.0,27,canonical_dfs_order_bpe
mutag,MUTAG_5,0.0,28,canonical_bfs_order_bpe
mutag,MUTAG_5,1.0,29,rps_gtok_identifier
ogbg_code2,ogbg-code2_0,0.0,243,edge_list
ogbg_code2,ogbg-code2_0,0.0,243,canonical_edge_list
ogbg_code2,ogbg-code2_0,0.0,244,adjacency_list
ogbg_code2,ogbg-code2_0,0.0,244,canonical_adjacency_list
ogbg_code2,ogbg-code2_0,0.0,244,dfs_order
ogbg_code2,ogbg-code2_0,0.0,244,canonical_dfs_order
ogbg_code2,ogbg-code2_0,0.0,244,bfs_order
ogbg_code2,ogbg-code2_0,0.0,244,canonical_bfs_order
ogbg_code2,ogbg-code2_0,0.0,221,edge_list_bpe
ogbg_code2,ogbg-code2_0,0.0,243,canonical_edge_list_bpe
ogbg_code2,ogbg-code2_0,0.0,244,canonical_adjacency_list_bpe
ogbg_code2,ogbg-code2_0,0.0,244,canonical_dfs_order_bpe
ogbg_code2,ogbg-code2_0,0.0,244,canonical_bfs_order_bpe
ogbg_code2,ogbg-code2_0,0.0,116,rps_gtok_identifier
ogbg_code2,ogbg-code2_1,0.0,230,edge_list
ogbg_code2,ogbg-code2_1,0.0,230,canonical_edge_list
ogbg_code2,ogbg-code2_1,0.0,231,adjacency_list
ogbg_code2,ogbg-code2_1,0.0,231,canonical_adjacency_list
ogbg_code2,ogbg-code2_1,0.0,231,dfs_order
ogbg_code2,ogbg-code2_1,0.0,231,canonical_dfs_order
ogbg_code2,ogbg-code2_1,0.0,231,bfs_order
ogbg_code2,ogbg-code2_1,0.0,231,canonical_bfs_order
ogbg_code2,ogbg-code2_1,0.0,207,edge_list_bpe
ogbg_code2,ogbg-code2_1,0.0,230,canonical_edge_list_bpe
ogbg_code2,ogbg-code2_1,0.0,231,canonical_adjacency_list_bpe
ogbg_code2,ogbg-code2_1,0.0,231,canonical_dfs_order_bpe
ogbg_code2,ogbg-code2_1,0.0,231,canonical_bfs_order_bpe
ogbg_code2,ogbg-code2_1,0.3333333333333333,116,rps_gtok_identifier
ogbg_code2,ogbg-code2_2,0.0,175,edge_list
ogbg_code2,ogbg-code2_2,0.0,175,canonical_edge_list
ogbg_code2,ogbg-code2_2,0.0,176,adjacency_list
ogbg_code2,ogbg-code2_2,0.0,176,canonical_adjacency_list
ogbg_code2,ogbg-code2_2,0.0,176,dfs_order
ogbg_code2,ogbg-code2_2,0.0,176,canonical_dfs_order
ogbg_code2,ogbg-code2_2,0.0,176,bfs_order
ogbg_code2,ogbg-code2_2,0.0,176,canonical_bfs_order
ogbg_code2,ogbg-code2_2,0.0,159,edge_list_bpe
ogbg_code2,ogbg-code2_2,0.0,175,canonical_edge_list_bpe
ogbg_code2,ogbg-code2_2,0.0,176,canonical_adjacency_list_bpe
ogbg_code2,ogbg-code2_2,0.0,176,canonical_dfs_order_bpe
ogbg_code2,ogbg-code2_2,0.0,176,canonical_bfs_order_bpe
ogbg_code2,ogbg-code2_2,1.0,89,rps_gtok_identifier
ogbg_code2,ogbg-code2_3,0.0,28,edge_list
ogbg_code2,ogbg-code2_3,0.0,28,canonical_edge_list
ogbg_code2,ogbg-code2_3,0.0,29,adjacency_list
ogbg_code2,ogbg-code2_3,0.0,29,canonical_adjacency_list
ogbg_code2,ogbg-code2_3,0.0,29,dfs_order
ogbg_code2,ogbg-code2_3,0.0,29,canonical_dfs_order
ogbg_code2,ogbg-code2_3,0.0,29,bfs_order
ogbg_code2,ogbg-code2_3,0.0,29,canonical_bfs_order
ogbg_code2,ogbg-code2_3,0.0,21,edge_list_bpe
ogbg_code2,ogbg-code2_3,0.0,28,canonical_edge_list_bpe
ogbg_code2,ogbg-code2_3,0.0,29,canonical_adjacency_list_bpe
ogbg_code2,ogbg-code2_3,0.0,29,canonical_dfs_order_bpe
ogbg_code2,ogbg-code2_3,0.0,29,canonical_bfs_order_bpe
ogbg_code2,ogbg-code2_3,1.0,22,rps_gtok_identifier
ogbg_code2,ogbg-code2_4,0.0,59,edge_list
ogbg_code2,ogbg-code2_4,0.0,59,canonical_edge_list
ogbg_code2,ogbg-code2_4,0.0,60,adjacency_list
ogbg_code2,ogbg-code2_4,0.0,60,canonical_adjacency_list
ogbg_code2,ogbg-code2_4,0.0,60,dfs_order
ogbg_code2,ogbg-code2_4,0.0,60,canonical_dfs_order
ogbg_code2,ogbg-code2_4,0.0,60,bfs_order
ogbg_code2,ogbg-code2_4,0.0,60,canonical_bfs_order
ogbg_code2,ogbg-code2_4,0.0,46,edge_list_bpe
ogbg_code2,ogbg-code2_4,0.0,59,canonical_edge_list_bpe
ogbg_code2,ogbg-code2_4,0.0,60,canonical_adjacency_list_bpe
ogbg_code2,ogbg-code2_4,0.0,60,canonical_dfs_order_bpe
ogbg_code2,ogbg-code2_4,0.0,60,canonical_bfs_order_bpe
ogbg_code2,ogbg-code2_4,1.0,46,rps_gtok_identifier
ogbg_code2,ogbg-code2_5,0.0,38,edge_list
ogbg_code2,ogbg-code2_5,1.0,38,canonical_edge_list
ogbg_code2,ogbg-code2_5,0.0,39,adjacency_list
ogbg_code2,ogbg-code2_5,1.0,39,canonical_adjacency_list
ogbg_code2,ogbg-code2_5,0.0,39,dfs_order
ogbg_code2,ogbg-code2_5,1.0,39,canonical_dfs_order
ogbg_code2,ogbg-code2_5,0.0,39,bfs_order
ogbg_code2,ogbg-code2_5,1.0,39,canonical_bfs_order
ogbg_code2,ogbg-code2_5,0.0,27,edge_list_bpe
ogbg_code2,ogbg-code2_5,1.0,38,canonical_edge_list_bpe
ogbg_code2,ogbg-code2_5,1.0,39,canonical_adjacency_list_bpe
ogbg_code2,ogbg-code2_5,1.0,39,canonical_dfs_order_bpe
ogbg_code2,ogbg-code2_5,1.0,39,canonical_bfs_order_bpe
ogbg_code2,ogbg-code2_5,1.0,38,rps_gtok_identifier
ogbg_molhiv,ogbg-molhiv_0,0.0,20,edge_list
ogbg_molhiv,ogbg-molhiv_0,0.0,20,canonical_edge_list
ogbg_molhiv,ogbg-molhiv_0,0.0,19,adjacency_list
ogbg_molhiv,ogbg-molhiv_0,0.0,19,canonical_adjacency_list
ogbg_molhiv,ogbg-molhiv_0,0.0,19,dfs_order
ogbg_molhiv,ogbg-molhiv_0,0.0,19,canonical_dfs_order
ogbg_molhiv,ogbg-molhiv_0,0.0,19,bfs_order
ogbg_molhiv,ogbg-molhiv_0,0.0,19,canonical_bfs_order
ogbg_molhiv,ogbg-molhiv_0,0.0,15,edge_list_bpe
ogbg_molhiv,ogbg-molhiv_0,0.0,20,canonical_edge_list_bpe
ogbg_molhiv,ogbg-molhiv_0,0.0,19,canonical_adjacency_list_bpe
ogbg_molhiv,ogbg-molhiv_0,0.0,19,canonical_dfs_order_bpe
ogbg_molhiv,ogbg-molhiv_0,0.0,19,canonical_bfs_order_bpe
ogbg_molhiv,ogbg-molhiv_0,1.0,15,rps_gtok_identifier
ogbg_molhiv,ogbg-molhiv_1,0.0,44,edge_list
ogbg_molhiv,ogbg-molhiv_1,0.0,44,canonical_edge_list
ogbg_molhiv,ogbg-molhiv_1,0.0,39,adjacency_list
ogbg_molhiv,ogbg-molhiv_1,0.0,39,canonical_adjacency_list
ogbg_molhiv,ogbg-molhiv_1,0.0,39,dfs_order
ogbg_molhiv,ogbg-molhiv_1,0.0,39,canonical_dfs_order
ogbg_molhiv,ogbg-molhiv_1,0.0,39,bfs_order
ogbg_molhiv,ogbg-molhiv_1,0.0,39,canonical_bfs_order
ogbg_molhiv,ogbg-molhiv_1,0.0,34,edge_list_bpe
ogbg_molhiv,ogbg-molhiv_1,0.0,44,canonical_edge_list_bpe
ogbg_molhiv,ogbg-molhiv_1,0.0,39,canonical_adjacency_list_bpe
ogbg_molhiv,ogbg-molhiv_1,0.0,39,canonical_dfs_order_bpe
ogbg_molhiv,ogbg-molhiv_1,0.0,39,canonical_bfs_order_bpe
ogbg_molhiv,ogbg-molhiv_1,0.6666666666666666,38,rps_gtok_identifier
ogbg_molhiv,ogbg-molhiv_2,0.0,24,edge_list
ogbg_molhiv,ogbg-molhiv_2,1.0,24,canonical_edge_list
ogbg_molhiv,ogbg-molhiv_2,0.0,21,adjacency_list
ogbg_molhiv,ogbg-molhiv_2,1.0,21,canonical_adjacency_list
ogbg_molhiv,ogbg-molhiv_2,0.0,21,dfs_order
ogbg_molhiv,ogbg-molhiv_2,1.0,21,canonical_dfs_order
ogbg_molhiv,ogbg-molhiv_2,0.0,21,bfs_order
ogbg_molhiv,ogbg-molhiv_2,1.0,21,canonical_bfs_order
ogbg_molhiv,ogbg-molhiv_2,0.0,11,edge_list_bpe
ogbg_molhiv,ogbg-molhiv_2,1.0,22,canonical_edge_list_bpe
ogbg_molhiv,ogbg-molhiv_2,1.0,21,canonical_adjacency_list_bpe
ogbg_molhiv,ogbg-molhiv_2,1.0,20,canonical_dfs_order_bpe
ogbg_molhiv,ogbg-molhiv_2,1.0,21,canonical_bfs_order_bpe
ogbg_molhiv,ogbg-molhiv_2,1.0,27,rps_gtok_identifier
ogbg_molhiv,ogbg-molhiv_3,0.0,25,edge_list
ogbg_molhiv,ogbg-molhiv_3,0.0,25,canonical_edge_list
ogbg_molhiv,ogbg-molhiv_3,0.0,24,adjacency_list
ogbg_molhiv,ogbg-molhiv_3,0.0,24,canonical_adjacency_list
ogbg_molhiv,ogbg-molhiv_3,0.0,24,dfs_order
ogbg_molhiv,ogbg-molhiv_3,0.0,24,canonical_dfs_order
ogbg_molhiv,ogbg-molhiv_3,0.0,24,bfs_order
ogbg_molhiv,ogbg-molhiv_3,0.0,24,canonical_bfs_order
ogbg_molhiv,ogbg-molhiv_3,0.0,18,edge_list_bpe
ogbg_molhiv,ogbg-molhiv_3,0.0,25,canonical_edge_list_bpe
ogbg_molhiv,ogbg-molhiv_3,0.0,24,canonical_adjacency_list_bpe
ogbg_molhiv,ogbg-molhiv_3,0.0,24,canonical_dfs_order_bpe
ogbg_molhiv,ogbg-molhiv_3,0.0,24,canonical_bfs_order_bpe
ogbg_molhiv,ogbg-molhiv_3,1.0,20,rps_gtok_identifier
ogbg_molhiv,ogbg-molhiv_4,0.0,9,edge_list
ogbg_molhiv,ogbg-molhiv_4,0.6666666666666666,9,canonical_edge_list
ogbg_molhiv,ogbg-molhiv_4,0.0,10,adjacency_list
ogbg_molhiv,ogbg-molhiv_4,0.6666666666666666,10,canonical_adjacency_list
ogbg_molhiv,ogbg-molhiv_4,0.0,10,dfs_order
ogbg_molhiv,ogbg-molhiv_4,0.6666666666666666,10,canonical_dfs_order
ogbg_molhiv,ogbg-molhiv_4,0.0,10,bfs_order
ogbg_molhiv,ogbg-molhiv_4,0.6666666666666666,10,canonical_bfs_order
ogbg_molhiv,ogbg-molhiv_4,0.0,6,edge_list_bpe
ogbg_molhiv,ogbg-molhiv_4,0.6666666666666666,9,canonical_edge_list_bpe
ogbg_molhiv,ogbg-molhiv_4,0.6666666666666666,10,canonical_adjacency_list_bpe
ogbg_molhiv,ogbg-molhiv_4,0.6666666666666666,10,canonical_dfs_order_bpe
ogbg_molhiv,ogbg-molhiv_4,0.6666666666666666,10,canonical_bfs_order_bpe
ogbg_molhiv,ogbg-molhiv_4,1.0,10,rps_gtok_identifier
ogbg_molhiv,ogbg-molhiv_5,0.0,16,edge_list
ogbg_molhiv,ogbg-molhiv_5,1.0,16,canonical_edge_list
ogbg_molhiv,ogbg-molhiv_5,0.0,16,adjacency_list
ogbg_molhiv,ogbg-molhiv_5,1.0,16,canonical_adjacency_list
ogbg_molhiv,ogbg-molhiv_5,0.0,16,dfs_order
ogbg_molhiv,ogbg-molhiv_5,1.0,16,canonical_dfs_order
ogbg_molhiv,ogbg-molhiv_5,0.0,16,bfs_order
ogbg_molhiv,ogbg-molhiv_5,1.0,16,canonical_bfs_order
ogbg_molhiv,ogbg-molhiv_5,0.0,9,edge_list_bpe
ogbg_molhiv,ogbg-molhiv_5,1.0,14,canonical_edge_list_bpe
ogbg_molhiv,ogbg-molhiv_5,1.0,16,canonical_adjacency_list_bpe
ogbg_molhiv,ogbg-molhiv_5,1.0,15,canonical_dfs_order_bpe
ogbg_molhiv,ogbg-molhiv_5,1.0,16,canonical_bfs_order_bpe
ogbg_molhiv,ogbg-molhiv_5,1.0,16,rps_gtok_identifier
ogbg_molpcba,ogbg-molpcba_0,0.0,22,edge_list
ogbg_molpcba,ogbg-molpcba_0,1.0,22,canonical_edge_list
ogbg_molpcba,ogbg-molpcba_0,0.0,20,adjacency_list
ogbg_molpcba,ogbg-molpcba_0,1.0,20,canonical_adjacency_list
ogbg_molpcba,ogbg-molpcba_0,0.0,20,dfs_order
ogbg_molpcba,ogbg-molpcba_0,1.0,20,canonical_dfs_order
ogbg_molpcba,ogbg-molpcba_0,0.0,20,bfs_order
ogbg_molpcba,ogbg-molpcba_0,1.0,20,canonical_bfs_order
ogbg_molpcba,ogbg-molpcba_0,0.0,17,edge_list_bpe
ogbg_molpcba,ogbg-molpcba_0,1.0,21,canonical_edge_list_bpe
ogbg_molpcba,ogbg-molpcba_0,1.0,20,canonical_adjacency_list_bpe
ogbg_molpcba,ogbg-molpcba_0,1.0,20,canonical_dfs_order_bpe
ogbg_molpcba,ogbg-molpcba_0,1.0,20,canonical_bfs_order_bpe
ogbg_molpcba,ogbg-molpcba_0,1.0,20,rps_gtok_identifier
ogbg_molpcba,ogbg-molpcba_1,0.0,16,edge_list
ogbg_molpcba,ogbg-molpcba_1,1.0,16,canonical_edge_list
ogbg_molpcba,ogbg-molpcba_1,0.0,15,adjacency_list
ogbg_molpcba,ogbg-molpcba_1,1.0,15,canonical_adjacency_list
ogbg_molpcba,ogbg-molpcba_1,0.0,15,dfs_order
ogbg_molpcba,ogbg-molpcba_1,1.0,15,canonical_dfs_order
ogbg_molpcba,ogbg-molpcba_1,0.0,15,bfs_order
ogbg_molpcba,ogbg-molpcba_1,1.0,15,canonical_bfs_order
ogbg_molpcba,ogbg-molpcba_1,0.0,8,edge_list_bpe
ogbg_molpcba,ogbg-molpcba_1,1.0,16,canonical_edge_list_bpe
ogbg_molpcba,ogbg-molpcba_1,1.0,15,canonical_adjacency_list_bpe
ogbg_molpcba,ogbg-molpcba_1,1.0,15,canonical_dfs_order_bpe
ogbg_molpcba,ogbg-molpcba_1,1.0,15,canonical_bfs_order_bpe
ogbg_molpcba,ogbg-molpcba_1,1.0,19,rps_gtok_identifier
ogbg_molpcba,ogbg-molpcba_2,0.0,25,edge_list
ogbg_molpcba,ogbg-molpcba_2,1.0,25,canonical_edge_list
ogbg_molpcba,ogbg-molpcba_2,0.0,24,adjacency_list
ogbg_molpcba,ogbg-molpcba_2,1.0,24,canonical_adjacency_list
ogbg_molpcba,ogbg-molpcba_2,0.0,24,dfs_order
ogbg_molpcba,ogbg-molpcba_2,1.0,24,canonical_dfs_order
ogbg_molpcba,ogbg-molpcba_2,0.0,24,bfs_order
ogbg_molpcba,ogbg-molpcba_2,1.0,24,canonical_bfs_order
ogbg_molpcba,ogbg-molpcba_2,0.0,16,edge_list_bpe
ogbg_molpcba,ogbg-molpcba_2,1.0,25,canonical_edge_list_bpe
ogbg_molpcba,ogbg-molpcba_2,1.0,24,canonical_adjacency_list_bpe
ogbg_molpcba,ogbg-molpcba_2,1.0,24,canonical_dfs_order_bpe
ogbg_molpcba,ogbg-molpcba_2,1.0,24,canonical_bfs_order_bpe
ogbg_molpcba,ogbg-molpcba_2,1.0,24,rps_gtok_identifier
ogbg_molpcba,ogbg-molpcba_3,0.0,27,edge_list
ogbg_molpcba,ogbg-molpcba_3,1.0,27,canonical_edge_list
ogbg_molpcba,ogbg-molpcba_3,0.0,24,adjacency_list
ogbg_molpcba,ogbg-molpcba_3,1.0,24,canonical_adjacency_list
ogbg_molpcba,ogbg-molpcba_3,0.0,24,dfs_order
ogbg_molpcba,ogbg-molpcba_3,1.0,24,canonical_dfs_order
ogbg_molpcba,ogbg-molpcba_3,0.0,24,bfs_order
ogbg_molpcba,ogbg-molpcba_3,1.0,24,canonical_bfs_order
ogbg_molpcba,ogbg-molpcba_3,0.0,19,edge_list_bpe
ogbg_molpcba,ogbg-molpcba_3,1.0,26,canonical_edge_list_bpe
ogbg_molpcba,ogbg-molpcba_3,1.0,24,canonical_adjacency_list_bpe
ogbg_molpcba,ogbg-molpcba_3,1.0,23,canonical_dfs_order_bpe
ogbg_molpcba,ogbg-molpcba_3,1.0,24,canonical_bfs_order_bpe
ogbg_molpcba,ogbg-molpcba_3,1.0,25,rps_gtok_identifier
ogbg_molpcba,ogbg-molpcba_4,0.0,36,edge_list
ogbg_molpcba,ogbg-molpcba_4,1.0,36,canonical_edge_list
ogbg_molpcba,ogbg-molpcba_4,0.0,33,adjacency_list
ogbg_molpcba,ogbg-molpcba_4,1.0,33,canonical_adjacency_list
ogbg_molpcba,ogbg-molpcba_4,0.0,33,dfs_order
ogbg_molpcba,ogbg-molpcba_4,1.0,33,canonical_dfs_order
ogbg_molpcba,ogbg-molpcba_4,0.0,33,bfs_order
ogbg_molpcba,ogbg-molpcba_4,1.0,33,canonical_bfs_order
ogbg_molpcba,ogbg-molpcba_4,0.0,29,edge_list_bpe
ogbg_molpcba,ogbg-molpcba_4,1.0,36,canonical_edge_list_bpe
ogbg_molpcba,ogbg-molpcba_4,1.0,33,canonical_adjacency_list_bpe
ogbg_molpcba,ogbg-molpcba_4,1.0,33,canonical_dfs_order_bpe
ogbg_molpcba,ogbg-molpcba_4,1.0,33,canonical_bfs_order_bpe
ogbg_molpcba,ogbg-molpcba_4,1.0,29,rps_gtok_identifier
ogbg_molpcba,ogbg-molpcba_5,0.0,19,edge_list
ogbg_molpcba,ogbg-molpcba_5,1.0,19,canonical_edge_list
ogbg_molpcba,ogbg-molpcba_5,0.0,18,adjacency_list
ogbg_molpcba,ogbg-molpcba_5,1.0,18,canonical_adjacency_list
ogbg_molpcba,ogbg-molpcba_5,0.0,18,dfs_order
ogbg_molpcba,ogbg-molpcba_5,1.0,18,canonical_dfs_order
ogbg_molpcba,ogbg-molpcba_5,0.0,18,bfs_order
ogbg_molpcba,ogbg-molpcba_5,1.0,18,canonical_bfs_order
ogbg_molpcba,ogbg-molpcba_5,0.0,9,edge_list_bpe
ogbg_molpcba,ogbg-molpcba_5,1.0,17,canonical_edge_list_bpe
ogbg_molpcba,ogbg-molpcba_5,1.0,18,canonical_adjacency_list_bpe
ogbg_molpcba,ogbg-molpcba_5,1.0,17,canonical_dfs_order_bpe
ogbg_molpcba,ogbg-molpcba_5,1.0,18,canonical_bfs_order_bpe
ogbg_molpcba,ogbg-molpcba_5,1.0,20,rps_gtok_identifier
ogbg_ppa,ogbg-ppa_10,0.0,908,edge_list
ogbg_ppa,ogbg-ppa_10,1.0,908,canonical_edge_list
ogbg_ppa,ogbg-ppa_10,0.0,152,adjacency_list
ogbg_ppa,ogbg-ppa_10,1.0,152,canonical_adjacency_list
ogbg_ppa,ogbg-ppa_10,0.0,152,dfs_order
ogbg_ppa,ogbg-ppa_10,1.0,152,canonical_dfs_order
ogbg_ppa,ogbg-ppa_10,0.0,152,bfs_order
ogbg_ppa,ogbg-ppa_10,1.0,152,canonical_bfs_order
ogbg_ppa,ogbg-ppa_10,0.0,641,edge_list_bpe
ogbg_ppa,ogbg-ppa_10,1.0,874,canonical_edge_list_bpe
ogbg_ppa,ogbg-ppa_10,1.0,152,canonical_adjacency_list_bpe
ogbg_ppa,ogbg-ppa_10,1.0,151,canonical_dfs_order_bpe
ogbg_ppa,ogbg-ppa_10,1.0,152,canonical_bfs_order_bpe
ogbg_ppa,ogbg-ppa_10,1.0,59,rps_gtok_identifier
ogbg_ppa,ogbg-ppa_12,0.0,290,edge_list
ogbg_ppa,ogbg-ppa_12,1.0,290,canonical_edge_list
ogbg_ppa,ogbg-ppa_12,0.0,54,adjacency_list
ogbg_ppa,ogbg-ppa_12,1.0,54,canonical_adjacency_list
ogbg_ppa,ogbg-ppa_12,0.0,54,dfs_order
ogbg_ppa,ogbg-ppa_12,1.0,54,canonical_dfs_order
ogbg_ppa,ogbg-ppa_12,0.0,54,bfs_order
ogbg_ppa,ogbg-ppa_12,1.0,54,canonical_bfs_order
ogbg_ppa,ogbg-ppa_12,0.0,166,edge_list_bpe
ogbg_ppa,ogbg-ppa_12,1.0,280,canonical_edge_list_bpe
ogbg_ppa,ogbg-ppa_12,1.0,54,canonical_adjacency_list_bpe
ogbg_ppa,ogbg-ppa_12,1.0,54,canonical_dfs_order_bpe
ogbg_ppa,ogbg-ppa_12,1.0,54,canonical_bfs_order_bpe
ogbg_ppa,ogbg-ppa_12,1.0,59,rps_gtok_identifier
ogbg_ppa,ogbg-ppa_20,0.0,979,edge_list
ogbg_ppa,ogbg-ppa_20,1.0,979,canonical_edge_list
ogbg_ppa,ogbg-ppa_20,0.0,133,adjacency_list
ogbg_ppa,ogbg-ppa_20,1.0,133,canonical_adjacency_list
ogbg_ppa,ogbg-ppa_20,0.0,133,dfs_order
ogbg_ppa,ogbg-ppa_20,1.0,133,canonical_dfs_order
ogbg_ppa,ogbg-ppa_20,0.0,133,bfs_order
ogbg_ppa,ogbg-ppa_20,1.0,133,canonical_bfs_order
ogbg_ppa,ogbg-ppa_20,0.0,754,edge_list_bpe
ogbg_ppa,ogbg-ppa_20,1.0,929,canonical_edge_list_bpe
ogbg_ppa,ogbg-ppa_20,1.0,133,canonical_adjacency_list_bpe
ogbg_ppa,ogbg-ppa_20,1.0,133,canonical_dfs_order_bpe
ogbg_ppa,ogbg-ppa_20,1.0,133,canonical_bfs_order_bpe
ogbg_ppa,ogbg-ppa_20,1.0,56,rps_gtok_identifier
ogbg_ppa,ogbg-ppa_21,0.0,483,edge_list
ogbg_ppa,ogbg-ppa_21,1.0,483,canonical_edge_list
ogbg_ppa,ogbg-ppa_21,0.0,85,adjacency_list
ogbg_ppa,ogbg-ppa_21,1.0,85,canonical_adjacency_list
ogbg_ppa,ogbg-ppa_21,0.0,85,dfs_order
ogbg_ppa,ogbg-ppa_21,1.0,85,canonical_dfs_order
ogbg_ppa,ogbg-ppa_21,0.0,85,bfs_order
ogbg_ppa,ogbg-ppa_21,1.0,85,canonical_bfs_order
ogbg_ppa,ogbg-ppa_21,0.0,375,edge_list_bpe
ogbg_ppa,ogbg-ppa_21,1.0,465,canonical_edge_list_bpe
ogbg_ppa,ogbg-ppa_21,1.0,85,canonical_adjacency_list_bpe
ogbg_ppa,ogbg-ppa_21,1.0,85,canonical_dfs_order_bpe
ogbg_ppa,ogbg-ppa_21,1.0,85,canonical_bfs_order_bpe
ogbg_ppa,ogbg-ppa_21,1.0,59,rps_gtok_identifier
ogbg_ppa,ogbg-ppa_23,0.0,2613,edge_list
ogbg_ppa,ogbg-ppa_23,0.3333333333333333,2613,canonical_edge_list
ogbg_ppa,ogbg-ppa_23,0.0,229,adjacency_list
ogbg_ppa,ogbg-ppa_23,0.3333333333333333,229,canonical_adjacency_list
ogbg_ppa,ogbg-ppa_23,0.0,229,dfs_order
ogbg_ppa,ogbg-ppa_23,0.3333333333333333,229,canonical_dfs_order
ogbg_ppa,ogbg-ppa_23,0.0,229,bfs_order
ogbg_ppa,ogbg-ppa_23,0.3333333333333333,229,canonical_bfs_order
ogbg_ppa,ogbg-ppa_23,0.0,2462,edge_list_bpe
ogbg_ppa,ogbg-ppa_23,0.3333333333333333,2534,canonical_edge_list_bpe
ogbg_ppa,ogbg-ppa_23,0.3333333333333333,229,canonical_adjacency_list_bpe
ogbg_ppa,ogbg-ppa_23,0.3333333333333333,229,canonical_dfs_order_bpe
ogbg_ppa,ogbg-ppa_23,0.3333333333333333,229,canonical_bfs_order_bpe
ogbg_ppa,ogbg-ppa_23,1.0,61,rps_gtok_identifier
ogbg_ppa,ogbg-ppa_31,0.0,5133,edge_list
ogbg_ppa,ogbg-ppa_31,1.0,5133,canonical_edge_list
ogbg_ppa,ogbg-ppa_31,0.0,193,adjacency_list
ogbg_ppa,ogbg-ppa_31,1.0,193,canonical_adjacency_list
ogbg_ppa,ogbg-ppa_31,0.0,193,dfs_order
ogbg_ppa,ogbg-ppa_31,1.0,193,canonical_dfs_order
ogbg_ppa,ogbg-ppa_31,0.0,193,bfs_order
ogbg_ppa,ogbg-ppa_31,1.0,193,canonical_bfs_order
ogbg_ppa,ogbg-ppa_31,0.0,4786,edge_list_bpe
ogbg_ppa,ogbg-ppa_31,1.0,5042,canonical_edge_list_bpe
ogbg_ppa,ogbg-ppa_31,1.0,193,canonical_adjacency_list_bpe
ogbg_ppa,ogbg-ppa_31,1.0,192,canonical_dfs_order_bpe
ogbg_ppa,ogbg-ppa_31,1.0,193,canonical_bfs_order_bpe
ogbg_ppa,ogbg-ppa_31,1.0,51,rps_gtok_identifier
ogbn_arxiv,ogbn_arxiv_ego_0,0.0,176,edge_list
ogbn_arxiv,ogbn_arxiv_ego_0,1.0,176,canonical_edge_list
ogbn_arxiv,ogbn_arxiv_ego_0,0.0,64,adjacency_list
ogbn_arxiv,ogbn_arxiv_ego_0,1.0,64,canonical_adjacency_list
ogbn_arxiv,ogbn_arxiv_ego_0,0.0,554,dfs_order
ogbn_arxiv,ogbn_arxiv_ego_0,1.0,554,canonical_dfs_order
ogbn_arxiv,ogbn_arxiv_ego_0,0.0,554,bfs_order
ogbn_arxiv,ogbn_arxiv_ego_0,1.0,554,canonical_bfs_order
ogbn_arxiv,ogbn_arxiv_ego_0,0.0,176,edge_list_bpe
ogbn_arxiv,ogbn_arxiv_ego_0,1.0,168,canonical_edge_list_bpe
ogbn_arxiv,ogbn_arxiv_ego_0,1.0,64,canonical_adjacency_list_bpe
ogbn_arxiv,ogbn_arxiv_ego_0,1.0,216,canonical_dfs_order_bpe
ogbn_arxiv,ogbn_arxiv_ego_0,1.0,331,canonical_bfs_order_bpe
ogbn_arxiv,ogbn_arxiv_ego_0,1.0,66,rps_gtok_identifier
ogbn_arxiv,ogbn_arxiv_ego_1,0.0,503,edge_list
ogbn_arxiv,ogbn_arxiv_ego_1,1.0,503,canonical_edge_list
ogbn_arxiv,ogbn_arxiv_ego_1,0.0,64,adjacency_list
ogbn_arxiv,ogbn_arxiv_ego_1,1.0,64,canonical_adjacency_list
ogbn_arxiv,ogbn_arxiv_ego_1,0.0,1234,dfs_order
ogbn_arxiv,ogbn_arxiv_ego_1,1.0,1234,canonical_dfs_order
ogbn_arxiv,ogbn_arxiv_ego_1,0.0,1234,bfs_order
ogbn_arxiv,ogbn_arxiv_ego_1,1.0,1234,canonical_bfs_order
ogbn_arxiv,ogbn_arxiv_ego_1,0.0,481,edge_list_bpe
ogbn_arxiv,ogbn_arxiv_ego_1,1.0,446,canonical_edge_list_bpe
ogbn_arxiv,ogbn_arxiv_ego_1,1.0,64,canonical_adjacency_list_bpe
ogbn_arxiv,ogbn_arxiv_ego_1,1.0,229,canonical_dfs_order_bpe
ogbn_arxiv,ogbn_arxiv_ego_1,1.0,722,canonical_bfs_order_bpe
ogbn_arxiv,ogbn_arxiv_ego_1,1.0,64,rps_gtok_identifier
ogbn_arxiv,ogbn_arxiv_ego_2,0.0,505,edge_list
ogbn_arxiv,ogbn_arxiv_ego_2,1.0,505,canonical_edge_list
ogbn_arxiv,ogbn_arxiv_ego_2,0.0,64,adjacency_list
ogbn_arxiv,ogbn_arxiv_ego_2,1.0,64,canonical_adjacency_list
ogbn_arxiv,ogbn_arxiv_ego_2,0.0,1241,dfs_order
ogbn_arxiv,ogbn_arxiv_ego_2,1.0,1241,canonical_dfs_order
ogbn_arxiv,ogbn_arxiv_ego_2,0.0,1241,bfs_order
ogbn_arxiv,ogbn_arxiv_ego_2,1.0,1241,canonical_bfs_order
ogbn_arxiv,ogbn_arxiv_ego_2,0.0,492,edge_list_bpe
ogbn_arxiv,ogbn_arxiv_ego_2,1.0,487,canonical_edge_list_bpe
ogbn_arxiv,ogbn_arxiv_ego_2,1.0,64,canonical_adjacency_list_bpe
ogbn_arxiv,ogbn_arxiv_ego_2,1.0,167,canonical_dfs_order_bpe
ogbn_arxiv,ogbn_arxiv_ego_2,1.0,638,canonical_bfs_order_bpe
ogbn_arxiv,ogbn_arxiv_ego_2,1.0,51,rps_gtok_identifier
ogbn_arxiv,ogbn_arxiv_ego_3,0.0,347,edge_list
ogbn_arxiv,ogbn_arxiv_ego_3,1.0,347,canonical_edge_list
ogbn_arxiv,ogbn_arxiv_ego_3,0.0,64,adjacency_list
ogbn_arxiv,ogbn_arxiv_ego_3,1.0,64,canonical_adjacency_list
ogbn_arxiv,ogbn_arxiv_ego_3,0.0,755,dfs_order
ogbn_arxiv,ogbn_arxiv_ego_3,1.0,755,canonical_dfs_order
ogbn_arxiv,ogbn_arxiv_ego_3,0.0,755,bfs_order
ogbn_arxiv,ogbn_arxiv_ego_3,1.0,755,canonical_bfs_order
ogbn_arxiv,ogbn_arxiv_ego_3,0.0,327,edge_list_bpe
ogbn_arxiv,ogbn_arxiv_ego_3,1.0,336,canonical_edge_list_bpe
ogbn_arxiv,ogbn_arxiv_ego_3,1.0,64,canonical_adjacency_list_bpe
ogbn_arxiv,ogbn_arxiv_ego_3,1.0,308,canonical_dfs_order_bpe
ogbn_arxiv,ogbn_arxiv_ego_3,1.0,541,canonical_bfs_order_bpe
ogbn_arxiv,ogbn_arxiv_ego_3,1.0,52,rps_gtok_identifier
ogbn_arxiv,ogbn_arxiv_ego_4,0.0,466,edge_list
ogbn_arxiv,ogbn_arxiv_ego_4,1.0,466,canonical_edge_list
ogbn_arxiv,ogbn_arxiv_ego_4,0.0,64,adjacency_list
ogbn_arxiv,ogbn_arxiv_ego_4,1.0,64,canonical_adjacency_list
ogbn_arxiv,ogbn_arxiv_ego_4,0.0,1181,dfs_order
ogbn_arxiv,ogbn_arxiv_ego_4,1.0,1181,canonical_dfs_order
ogbn_arxiv,ogbn_arxiv_ego_4,0.0,1181,bfs_order
ogbn_arxiv,ogbn_arxiv_ego_4,1.0,1181,canonical_bfs_order
ogbn_arxiv,ogbn_arxiv_ego_4,0.0,453,edge_list_bpe
ogbn_arxiv,ogbn_arxiv_ego_4,1.0,410,canonical_edge_list_bpe
ogbn_arxiv,ogbn_arxiv_ego_4,1.0,64,canonical_adjacency_list_bpe
ogbn_arxiv,ogbn_arxiv_ego_4,1.0,254,canonical_dfs_order_bpe
ogbn_arxiv,ogbn_arxiv_ego_4,1.0,744,canonical_bfs_order_bpe
ogbn_arxiv,ogbn_arxiv_ego_4,1.0,55,rps_gtok_identifier
ogbn_arxiv,ogbn_arxiv_ego_5,0.0,346,edge_list
ogbn_arxiv,ogbn_arxiv_ego_5,1.0,346,canonical_edge_list
ogbn_arxiv,ogbn_arxiv_ego_5,0.0,64,adjacency_list
ogbn_arxiv,ogbn_arxiv_ego_5,1.0,64,canonical_adjacency_list
ogbn_arxiv,ogbn_arxiv_ego_5,0.0,934,dfs_order
ogbn_arxiv,ogbn_arxiv_ego_5,1.0,934,canonical_dfs_order
ogbn_arxiv,ogbn_arxiv_ego_5,0.0,934,bfs_order
ogbn_arxiv,ogbn_arxiv_ego_5,1.0,934,canonical_bfs_order
ogbn_arxiv,ogbn_arxiv_ego_5,0.0,338,edge_list_bpe
ogbn_arxiv,ogbn_arxiv_ego_5,1.0,338,canonical_edge_list_bpe
ogbn_arxiv,ogbn_arxiv_ego_5,1.0,64,canonical_adjacency_list_bpe
ogbn_arxiv,ogbn_arxiv_ego_5,1.0,323,canonical_dfs_order_bpe
ogbn_arxiv,ogbn_arxiv_ego_5,1.0,678,canonical_bfs_order_bpe
ogbn_arxiv,ogbn_arxiv_ego_5,1.0,53,rps_gtok_identifier
proteins,PROTEINS_0,0.0,81,edge_list
proteins,PROTEINS_0,1.0,81,canonical_edge_list
proteins,PROTEINS_0,0.0,42,adjacency_list
proteins,PROTEINS_0,1.0,42,canonical_adjacency_list
proteins,PROTEINS_0,0.0,42,dfs_order
proteins,PROTEINS_0,1.0,42,canonical_dfs_order
proteins,PROTEINS_0,0.0,42,bfs_order
proteins,PROTEINS_0,1.0,42,canonical_bfs_order
proteins,PROTEINS_0,0.0,74,edge_list_bpe
proteins,PROTEINS_0,1.0,80,canonical_edge_list_bpe
proteins,PROTEINS_0,1.0,42,canonical_adjacency_list_bpe
proteins,PROTEINS_0,1.0,42,canonical_dfs_order_bpe
proteins,PROTEINS_0,1.0,42,canonical_bfs_order_bpe
proteins,PROTEINS_0,1.0,41,rps_gtok_identifier
proteins,PROTEINS_1,0.0,46,edge_list
proteins,PROTEINS_1,1.0,46,canonical_edge_list
proteins,PROTEINS_1,0.0,27,adjacency_list
proteins,PROTEINS_1,1.0,27,canonical_adjacency_list
proteins,PROTEINS_1,0.0,27,dfs_order
proteins,PROTEINS_1,1.0,27,canonical_dfs_order
proteins,PROTEINS_1,0.0,27,bfs_order
proteins,PROTEINS_1,1.0,27,canonical_bfs_order
proteins,PROTEINS_1,0.0,40,edge_list_bpe
proteins,PROTEINS_1,1.0,45,canonical_edge_list_bpe
proteins,PROTEINS_1,1.0,27,canonical_adjacency_list_bpe
proteins,PROTEINS_1,1.0,27,canonical_dfs_order_bpe
proteins,PROTEINS_1,1.0,27,canonical_bfs_order_bpe
proteins,PROTEINS_1,1.0,28,rps_gtok_identifier
proteins,PROTEINS_2,0.0,17,edge_list
proteins,PROTEINS_2,1.0,17,canonical_edge_list
proteins,PROTEINS_2,0.0,10,adjacency_list
proteins,PROTEINS_2,1.0,10,canonical_adjacency_list
proteins,PROTEINS_2,0.0,10,dfs_order
proteins,PROTEINS_2,1.0,10,canonical_dfs_order
proteins,PROTEINS_2,0.0,10,bfs_order
proteins,PROTEINS_2,1.0,10,canonical_bfs_order
proteins,PROTEINS_2,0.0,10,edge_list_bpe
proteins,PROTEINS_2,1.0,15,canonical_edge_list_bpe
proteins,PROTEINS_2,1.0,10,canonical_adjacency_list_bpe
proteins,PROTEINS_2,1.0,8,canonical_dfs_order_bpe
proteins,PROTEINS_2,1.0,8,canonical_bfs_order_bpe
proteins,PROTEINS_2,1.0,13,rps_gtok_identifier
proteins,PROTEINS_3,0.0,46,edge_list
proteins,PROTEINS_3,1.0,46,canonical_edge_list
proteins,PROTEINS_3,0.0,24,adjacency_list
proteins,PROTEINS_3,1.0,24,canonical_adjacency_list
proteins,PROTEINS_3,0.0,24,dfs_order
proteins,PROTEINS_3,1.0,24,canonical_dfs_order
proteins,PROTEINS_3,0.0,24,bfs_order
proteins,PROTEINS_3,1.0,24,canonical_bfs_order
proteins,PROTEINS_3,0.0,38,edge_list_bpe
proteins,PROTEINS_3,1.0,41,canonical_edge_list_bpe
proteins,PROTEINS_3,1.0,24,canonical_adjacency_list_bpe
proteins,PROTEINS_3,1.0,23,canonical_dfs_order_bpe
proteins,PROTEINS_3,1.0,22,canonical_bfs_order_bpe
proteins,PROTEINS_3,1.0,33,rps_gtok_identifier
proteins,PROTEINS_4,0.0,21,edge_list
proteins,PROTEINS_4,1.0,21,canonical_edge_list
proteins,PROTEINS_4,0.0,11,adjacency_list
proteins,PROTEINS_4,1.0,11,canonical_adjacency_list
proteins,PROTEINS_4,0.0,11,dfs_order
proteins,PROTEINS_4,1.0,11,canonical_dfs_order
proteins,PROTEINS_4,0.0,11,bfs_order
proteins,PROTEINS_4,1.0,11,canonical_bfs_order
proteins,PROTEINS_4,0.0,18,edge_list_bpe
proteins,PROTEINS_4,1.0,17,canonical_edge_list_bpe
proteins,PROTEINS_4,1.0,11,canonical_adjacency_list_bpe
proteins,PROTEINS_4,1.0,10,canonical_dfs_order_bpe
proteins,PROTEINS_4,1.0,10,canonical_bfs_order_bpe
proteins,PROTEINS_4,1.0,13,rps_gtok_identifier
proteins,PROTEINS_6,0.0,243,edge_list
proteins,PROTEINS_6,1.0,243,canonical_edge_list
proteins,PROTEINS_6,0.0,108,adjacency_list
proteins,PROTEINS_6,1.0,108,canonical_adjacency_list
proteins,PROTEINS_6,0.0,2214,dfs_order
proteins,PROTEINS_6,1.0,2214,canonical_dfs_order
proteins,PROTEINS_6,0.0,2214,bfs_order
proteins,PROTEINS_6,1.0,2214,canonical_bfs_order
proteins,PROTEINS_6,0.0,229,edge_list_bpe
proteins,PROTEINS_6,1.0,243,canonical_edge_list_bpe
proteins,PROTEINS_6,1.0,108,canonical_adjacency_list_bpe
proteins,PROTEINS_6,1.0,389,canonical_dfs_order_bpe
proteins,PROTEINS_6,1.0,752,canonical_bfs_order_bpe
proteins,PROTEINS_6,1.0,71,rps_gtok_identifier
pubmed,Pubmed_ego_0,0.0,112,edge_list
pubmed,Pubmed_ego_0,1.0,112,canonical_edge_list
pubmed,Pubmed_ego_0,0.0,64,adjacency_list
pubmed,Pubmed_ego_0,1.0,64,canonical_adjacency_list
pubmed,Pubmed_ego_0,0.0,64,dfs_order
pubmed,Pubmed_ego_0,1.0,64,canonical_dfs_order
pubmed,Pubmed_ego_0,0.0,64,bfs_order
pubmed,Pubmed_ego_0,1.0,64,canonical_bfs_order
pubmed,Pubmed_ego_0,0.0,109,edge_list_bpe
pubmed,Pubmed_ego_0,1.0,108,canonical_edge_list_bpe
pubmed,Pubmed_ego_0,1.0,64,canonical_adjacency_list_bpe
pubmed,Pubmed_ego_0,1.0,64,canonical_dfs_order_bpe
pubmed,Pubmed_ego_0,1.0,64,canonical_bfs_order_bpe
pubmed,Pubmed_ego_0,1.0,48,rps_gtok_identifier
pubmed,Pubmed_ego_1,0.0,123,edge_list
pubmed,Pubmed_ego_1,1.0,123,canonical_edge_list
pubmed,Pubmed_ego_1,0.0,64,adjacency_list
pubmed,Pubmed_ego_1,1.0,64,canonical_adjacency_list
pubmed,Pubmed_ego_1,0.0,64,dfs_order
pubmed,Pubmed_ego_1,1.0,64,canonical_dfs_order
pubmed,Pubmed_ego_1,0.0,64,bfs_order
pubmed,Pubmed_ego_1,1.0,64,canonical_bfs_order
pubmed,Pubmed_ego_1,0.0,122,edge_list_bpe
pubmed,Pubmed_ego_1,1.0,115,canonical_edge_list_bpe
pubmed,Pubmed_ego_1,1.0,64,canonical_adjacency_list_bpe
pubmed,Pubmed_ego_1,1.0,63,canonical_dfs_order_bpe
pubmed,Pubmed_ego_1,1.0,64,canonical_bfs_order_bpe
pubmed,Pubmed_ego_1,1.0,56,rps_gtok_identifier
pubmed,Pubmed_ego_2,0.0,202,edge_list
pubmed,Pubmed_ego_2,1.0,202,canonical_edge_list
pubmed,Pubmed_ego_2,0.0,64,adjacency_list
pubmed,Pubmed_ego_2,1.0,64,canonical_adjacency_list
pubmed,Pubmed_ego_2,0.0,64,dfs_order
pubmed,Pubmed_ego_2,1.0,64,canonical_dfs_order
pubmed,Pubmed_ego_2,0.0,64,bfs_order
pubmed,Pubmed_ego_2,1.0,64,canonical_bfs_order
pubmed,Pubmed_ego_2,0.0,202,edge_list_bpe
pubmed,Pubmed_ego_2,1.0,198,canonical_edge_list_bpe
pubmed,Pubmed_ego_2,1.0,64,canonical_adjacency_list_bpe
pubmed,Pubmed_ego_2,1.0,64,canonical_dfs_order_bpe
pubmed,Pubmed_ego_2,1.0,64,canonical_bfs_order_bpe
pubmed,Pubmed_ego_2,1.0,55,rps_gtok_identifier
pubmed,Pubmed_ego_3,0.0,92,edge_list
pubmed,Pubmed_ego_3,1.0,92,canonical_edge_list
pubmed,Pubmed_ego_3,0.0,64,adjacency_list
pubmed,Pubmed_ego_3,1.0,64,canonical_adjacency_list
pubmed,Pubmed_ego_3,0.0,64,dfs_order
pubmed,Pubmed_ego_3,1.0,64,canonical_dfs_order
pubmed,Pubmed_ego_3,0.0,64,bfs_order
pubmed,Pubmed_ego_3,1.0,64,canonical_bfs_order
pubmed,Pubmed_ego_3,0.0,92,edge_list_bpe
pubmed,Pubmed_ego_3,1.0,90,canonical_edge_list_bpe
pubmed,Pubmed_ego_3,1.0,64,canonical_adjacency_list_bpe
pubmed,Pubmed_ego_3,1.0,64,canonical_dfs_order_bpe
pubmed,Pubmed_ego_3,1.0,64,canonical_bfs_order_bpe
pubmed,Pubmed_ego_3,1.0,45,rps_gtok_identifier
pubmed,Pubmed_ego_4,0.0,128,edge_list
pubmed,Pubmed_ego_4,1.0,128,canonical_edge_list
pubmed,Pubmed_ego_4,0.0,64,adjacency_list
pubmed,Pubmed_ego_4,1.0,64,canonical_adjacency_list
pubmed,Pubmed_ego_4,0.0,64,dfs_order
pubmed,Pubmed_ego_4,1.0,64,canonical_dfs_order
pubmed,Pubmed_ego_4,0.0,64,bfs_order
pubmed,Pubmed_ego_4,1.0,64,canonical_bfs_order
pubmed,Pubmed_ego_4,0.0,125,edge_list_bpe
pubmed,Pubmed_ego_4,1.0,117,canonical_edge_list_bpe
pubmed,Pubmed_ego_4,1.0,64,canonical_adjacency_list_bpe
pubmed,Pubmed_ego_4,1.0,62,canonical_dfs_order_bpe
pubmed,Pubmed_ego_4,1.0,64,canonical_bfs_order_bpe
pubmed,Pubmed_ego_4,1.0,55,rps_gtok_identifier
pubmed,Pubmed_ego_5,0.0,88,edge_list
pubmed,Pubmed_ego_5,0.0,88,canonical_edge_list
pubmed,Pubmed_ego_5,0.0,64,adjacency_list
pubmed,Pubmed_ego_5,0.0,64,canonical_adjacency_list
pubmed,Pubmed_ego_5,0.0,64,dfs_order
pubmed,Pubmed_ego_5,0.0,64,canonical_dfs_order
pubmed,Pubmed_ego_5,0.0,64,bfs_order
pubmed,Pubmed_ego_5,1.0,64,canonical_bfs_order
pubmed,Pubmed_ego_5,0.0,87,edge_list_bpe
pubmed,Pubmed_ego_5,0.0,81,canonical_edge_list_bpe
pubmed,Pubmed_ego_5,0.0,64,canonical_adjacency_list_bpe
pubmed,Pubmed_ego_5,0.0,63,canonical_dfs_order_bpe
pubmed,Pubmed_ego_5,1.0,64,canonical_bfs_order_bpe
pubmed,Pubmed_ego_5,0.6666666666666666,44,rps_gtok_identifier
road_networks,roadNet-CA_ego_0,0.0,95,edge_list
road_networks,roadNet-CA_ego_0,1.0,95,canonical_edge_list
road_networks,roadNet-CA_ego_0,0.0,64,adjacency_list
road_networks,roadNet-CA_ego_0,1.0,64,canonical_adjacency_list
road_networks,roadNet-CA_ego_0,0.0,64,dfs_order
road_networks,roadNet-CA_ego_0,1.0,64,canonical_dfs_order
road_networks,roadNet-CA_ego_0,0.0,64,bfs_order
road_networks,roadNet-CA_ego_0,1.0,64,canonical_bfs_order
road_networks,roadNet-CA_ego_0,0.0,72,edge_list_bpe
road_networks,roadNet-CA_ego_0,1.0,94,canonical_edge_list_bpe
road_networks,roadNet-CA_ego_0,1.0,64,canonical_adjacency_list_bpe
road_networks,roadNet-CA_ego_0,1.0,64,canonical_dfs_order_bpe
road_networks,roadNet-CA_ego_0,1.0,64,canonical_bfs_order_bpe
road_networks,roadNet-CA_ego_0,1.0,49,rps_gtok_identifier
road_networks,roadNet-CA_ego_1,0.0,100,edge_list
road_networks,roadNet-CA_ego_1,1.0,100,canonical_edge_list
road_networks,roadNet-CA_ego_1,0.0,64,adjacency_list
road_networks,roadNet-CA_ego_1,1.0,64,canonical_adjacency_list
road_networks,roadNet-CA_ego_1,0.0,64,dfs_order
road_networks,roadNet-CA_ego_1,1.0,64,canonical_dfs_order
road_networks,roadNet-CA_ego_1,0.0,64,bfs_order
road_networks,roadNet-CA_ego_1,1.0,64,canonical_bfs_order
road_networks,roadNet-CA_ego_1,0.0,75,edge_list_bpe
road_networks,roadNet-CA_ego_1,1.0,99,canonical_edge_list_bpe
road_networks,roadNet-CA_ego_1,1.0,64,canonical_adjacency_list_bpe
road_networks,roadNet-CA_ego_1,1.0,64,canonical_dfs_order_bpe
road_networks,roadNet-CA_ego_1,1.0,64,canonical_bfs_order_bpe
road_networks,roadNet-CA_ego_1,1.0,51,rps_gtok_identifier
road_networks,roadNet-CA_ego_2,0.0,109,edge_list
road_networks,roadNet-CA_ego_2,1.0,109,canonical_edge_list
road_networks,roadNet-CA_ego_2,0.0,64,adjacency_list
road_networks,roadNet-CA_ego_2,1.0,64,canonical_adjacency_list
road_networks,roadNet-CA_ego_2,0.0,64,dfs_order
road_networks,roadNet-CA_ego_2,1.0,64,canonical_dfs_order
road_networks,roadNet-CA_ego_2,0.0,64,bfs_order
road_networks,roadNet-CA_ego_2,1.0,64,canonical_bfs_order
road_networks,roadNet-CA_ego_2,0.0,84,edge_list_bpe
road_networks,roadNet-CA_ego_2,1.0,108,canonical_edge_list_bpe
road_networks,roadNet-CA_ego_2,1.0,64,canonical_adjacency_list_bpe
road_networks,roadNet-CA_ego_2,1.0,64,canonical_dfs_order_bpe
road_networks,roadNet-CA_ego_2,1.0,64,canonical_bfs_order_bpe
road_networks,roadNet-CA_ego_2,1.0,71,rps_gtok_identifier
road_networks,roadNet-CA_ego_3,0.0,107,edge_list
road_networks,roadNet-CA_ego_3,1.0,107,canonical_edge_list
road_networks,roadNet-CA_ego_3,0.0,64,adjacency_list
road_networks,roadNet-CA_ego_3,1.0,64,canonical_adjacency_list
road_networks,roadNet-CA_ego_3,0.0,64,dfs_order
road_networks,roadNet-CA_ego_3,1.0,64,canonical_dfs_order
road_networks,roadNet-CA_ego_3,0.0,64,bfs_order
road_networks,roadNet-CA_ego_3,1.0,64,canonical_bfs_order
road_networks,roadNet-CA_ego_3,0.0,87,edge_list_bpe
road_networks,roadNet-CA_ego_3,1.0,107,canonical_edge_list_bpe
road_networks,roadNet-CA_ego_3,1.0,64,canonical_adjacency_list_bpe
road_networks,roadNet-CA_ego_3,1.0,64,canonical_dfs_order_bpe
road_networks,roadNet-CA_ego_3,1.0,64,canonical_bfs_order_bpe
road_networks,roadNet-CA_ego_3,1.0,59,rps_gtok_identifier
road_networks,roadNet-CA_ego_4,0.0,113,edge_list
road_networks,roadNet-CA_ego_4,1.0,113,canonical_edge_list
road_networks,roadNet-CA_ego_4,0.0,64,adjacency_list
road_networks,roadNet-CA_ego_4,1.0,64,canonical_adjacency_list
road_networks,roadNet-CA_ego_4,0.0,64,dfs_order
road_networks,roadNet-CA_ego_4,1.0,64,canonical_dfs_order
road_networks,roadNet-CA_ego_4,0.0,64,bfs_order
road_networks,roadNet-CA_ego_4,1.0,64,canonical_bfs_order
road_networks,roadNet-CA_ego_4,0.0,99,edge_list_bpe
road_networks,roadNet-CA_ego_4,1.0,113,canonical_edge_list_bpe
road_networks,roadNet-CA_ego_4,1.0,64,canonical_adjacency_list_bpe
road_networks,roadNet-CA_ego_4,1.0,64,canonical_dfs_order_bpe
road_networks,roadNet-CA_ego_4,1.0,64,canonical_bfs_order_bpe
road_networks,roadNet-CA_ego_4,1.0,66,rps_gtok_identifier
road_networks,roadNet-CA_ego_5,0.0,99,edge_list
road_networks,roadNet-CA_ego_5,1.0,99,canonical_edge_list
road_networks,roadNet-CA_ego_5,0.0,64,adjacency_list
road_networks,roadNet-CA_ego_5,1.0,64,canonical_adjacency_list
road_networks,roadNet-CA_ego_5,0.0,64,dfs_order
road_networks,roadNet-CA_ego_5,1.0,64,canonical_dfs_order
road_networks,roadNet-CA_ego_5,0.0,64,bfs_order
road_networks,roadNet-CA_ego_5,1.0,64,canonical_bfs_order
road_networks,roadNet-CA_ego_5,0.0,85,edge_list_bpe
road_networks,roadNet-CA_ego_5,1.0,98,canonical_edge_list_bpe
road_networks,roadNet-CA_ego_5,1.0,64,canonical_adjacency_list_bpe
road_networks,roadNet-CA_ego_5,1.0,64,canonical_dfs_order_bpe
road_networks,roadNet-CA_ego_5,1.0,64,canonical_bfs_order_bpe
road_networks,roadNet-CA_ego_5,1.0,58,rps_gtok_identifier
synthetic_stress,stress_seed0_path,0.0,7,edge_list
synthetic_stress,stress_seed0_path,1.0,7,canonical_edge_list
synthetic_stress,stress_seed0_path,0.0,8,adjacency_list
synthetic_stress,stress_seed0_path,1.0,8,canonical_adjacency_list
synthetic_stress,stress_seed0_path,0.0,8,dfs_order
synthetic_stress,stress_seed0_path,1.0,8,canonical_dfs_order
synthetic_stress,stress_seed0_path,0.0,8,bfs_order
synthetic_stress,stress_seed0_path,1.0,8,canonical_bfs_order
synthetic_stress,stress_seed0_path,0.0,2,edge_list_bpe
synthetic_stress,stress_seed0_path,1.0,5,canonical_edge_list_bpe
synthetic_stress,stress_seed0_path,1.0,8,canonical_adjacency_list_bpe
synthetic_stress,stress_seed0_path,1.0,7,canonical_dfs_order_bpe
synthetic_stress,stress_seed0_path,1.0,6,canonical_bfs_order_bpe
synthetic_stress,stress_seed0_path,1.0,9,rps_gtok_identifier
synthetic_stress,stress_seed0_cycle,0.0,8,edge_list
synthetic_stress,stress_seed0_cycle,0.0,8,canonical_edge_list
synthetic_stress,stress_seed0_cycle,0.0,8,adjacency_list
synthetic_stress,stress_seed0_cycle,0.0,8,canonical_adjacency_list
synthetic_stress,stress_seed0_cycle,0.0,8,dfs_order
synthetic_stress,stress_seed0_cycle,0.0,8,canonical_dfs_order
synthetic_stress,stress_seed0_cycle,0.0,8,bfs_order
synthetic_stress,stress_seed0_cycle,0.0,8,canonical_bfs_order
synthetic_stress,stress_seed0_cycle,0.0,3,edge_list_bpe
synthetic_stress,stress_seed0_cycle,0.0,8,canonical_edge_list_bpe
synthetic_stress,stress_seed0_cycle,0.0,8,canonical_adjacency_list_bpe
synthetic_stress,stress_seed0_cycle,0.0,6,canonical_dfs_order_bpe
synthetic_stress,stress_seed0_cycle,0.0,7,canonical_bfs_order_bpe
synthetic_stress,stress_seed0_cycle,0.3333333333333333,8,rps_gtok_identifier
synthetic_stress,stress_seed0_star,0.0,7,edge_list
synthetic_stress,stress_seed0_star,1.0,7,canonical_edge_list
synthetic_stress,stress_seed0_star,0.0,8,adjacency_list
synthetic_stress,stress_seed0_star,1.0,8,canonical_adjacency_list
synthetic_stress,stress_seed0_star,0.0,8,dfs_order
synthetic_stress,stress_seed0_star,1.0,8,canonical_dfs_order
synthetic_stress,stress_seed0_star,0.0,8,bfs_order
synthetic_stress,stress_seed0_star,1.0,8,canonical_bfs_order
synthetic_stress,stress_seed0_star,0.0,3,edge_list_bpe
synthetic_stress,stress_seed0_star,1.0,3,canonical_edge_list_bpe
synthetic_stress,stress_seed0_star,1.0,8,canonical_adjacency_list_bpe
synthetic_stress,stress_seed0_star,1.0,7,canonical_dfs_order_bpe
synthetic_stress,stress_seed0_star,1.0,3,canonical_bfs_order_bpe
synthetic_stress,stress_seed0_star,1.0,7,rps_gtok_identifier
synthetic_stress,stress_seed0_clique,1.0,15,edge_list
synthetic_stress,stress_seed0_clique,1.0,15,canonical_edge_list
synthetic_stress,stress_seed0_clique,1.0,6,adjacency_list
synthetic_stress,stress_seed0_clique,1.0,6,canonical_adjacency_list
synthetic_stress,stress_seed0_clique,0.0,6,dfs_order
synthetic_stress,stress_seed0_clique,1.0,6,canonical_dfs_order
synthetic_stress,stress_seed0_clique,0.0,6,bfs_order
synthetic_stress,stress_seed0_clique,1.0,6,canonical_bfs_order
synthetic_stress,stress_seed0_clique,1.0,9,edge_list_bpe
synthetic_stress,stress_seed0_clique,1.0,11,canonical_edge_list_bpe
synthetic_stress,stress_seed0_clique,1.0,6,canonical_adjacency_list_bpe
synthetic_stress,stress_seed0_clique,1.0,4,canonical_dfs_order_bpe
synthetic_stress,stress_seed0_clique,1.0,1,canonical_bfs_order_bpe
synthetic_stress,stress_seed0_clique,1.0,12,rps_gtok_identifier
synthetic_stress,stress_seed0_tree,0.0,14,edge_list
synthetic_stress,stress_seed0_tree,0.0,14,canonical_edge_list
synthetic_stress,stress_seed0_tree,0.0,15,adjacency_list
synthetic_stress,stress_seed0_tree,0.0,15,canonical_adjacency_list
synthetic_stress,stress_seed0_tree,0.0,15,dfs_order
synthetic_stress,stress_seed0_tree,0.0,15,canonical_dfs_order
synthetic_stress,stress_seed0_tree,0.0,15,bfs_order
synthetic_stress,stress_seed0_tree,0.0,15,canonical_bfs_order
synthetic_stress,stress_seed0_tree,0.0,12,edge_list_bpe
synthetic_stress,stress_seed0_tree,0.0,12,canonical_edge_list_bpe
synthetic_stress,stress_seed0_tree,0.0,15,canonical_adjacency_list_bpe
synthetic_stress,stress_seed0_tree,0.0,15,canonical_dfs_order_bpe
synthetic_stress,stress_seed0_tree,0.0,15,canonical_bfs_order_bpe
synthetic_stress,stress_seed0_tree,1.0,26,rps_gtok_identifier
synthetic_stress,stress_seed0_grid,0.0,12,edge_list
synthetic_stress,stress_seed0_grid,1.0,12,canonical_edge_list
synthetic_stress,stress_seed0_grid,0.0,9,adjacency_list
synthetic_stress,stress_seed0_grid,1.0,9,canonical_adjacency_list
synthetic_stress,stress_seed0_grid,0.0,9,dfs_order
synthetic_stress,stress_seed0_grid,1.0,9,canonical_dfs_order
synthetic_stress,stress_seed0_grid,0.0,9,bfs_order
synthetic_stress,stress_seed0_grid,1.0,9,canonical_bfs_order
synthetic_stress,stress_seed0_grid,0.0,11,edge_list_bpe
synthetic_stress,stress_seed0_grid,1.0,11,canonical_edge_list_bpe
synthetic_stress,stress_seed0_grid,1.0,9,canonical_adjacency_list_bpe
synthetic_stress,stress_seed0_grid,1.0,9,canonical_dfs_order_bpe
synthetic_stress,stress_seed0_grid,1.0,9,canonical_bfs_order_bpe
synthetic_stress,stress_seed0_grid,1.0,8,rps_gtok_identifier
wn18rr,WN18RR_ego_0,0.0,63,edge_list
wn18rr,WN18RR_ego_0,0.0,63,canonical_edge_list
wn18rr,WN18RR_ego_0,0.0,64,adjacency_list
wn18rr,WN18RR_ego_0,0.0,64,canonical_adjacency_list
wn18rr,WN18RR_ego_0,0.0,188,dfs_order
wn18rr,WN18RR_ego_0,0.0,188,canonical_dfs_order
wn18rr,WN18RR_ego_0,0.0,188,bfs_order
wn18rr,WN18RR_ego_0,0.0,188,canonical_bfs_order
wn18rr,WN18RR_ego_0,0.0,3,edge_list_bpe
wn18rr,WN18RR_ego_0,0.0,3,canonical_edge_list_bpe
wn18rr,WN18RR_ego_0,0.0,4,canonical_adjacency_list_bpe
wn18rr,WN18RR_ego_0,0.0,126,canonical_dfs_order_bpe
wn18rr,WN18RR_ego_0,0.0,126,canonical_bfs_order_bpe
wn18rr,WN18RR_ego_0,1.0,22,rps_gtok_identifier
wn18rr,WN18RR_ego_1,0.0,66,edge_list
wn18rr,WN18RR_ego_1,0.0,66,canonical_edge_list
wn18rr,WN18RR_ego_1,0.0,64,adjacency_list
wn18rr,WN18RR_ego_1,0.0,64,canonical_adjacency_list
wn18rr,WN18RR_ego_1,0.0,127,dfs_order
wn18rr,WN18RR_ego_1,0.0,127,canonical_dfs_order
wn18rr,WN18RR_ego_1,0.0,127,bfs_order
wn18rr,WN18RR_ego_1,0.0,127,canonical_bfs_order
wn18rr,WN18RR_ego_1,0.0,66,edge_list_bpe
wn18rr,WN18RR_ego_1,0.0,66,canonical_edge_list_bpe
wn18rr,WN18RR_ego_1,0.0,64,canonical_adjacency_list_bpe
wn18rr,WN18RR_ego_1,0.0,6,canonical_dfs_order_bpe
wn18rr,WN18RR_ego_1,0.0,6,canonical_bfs_order_bpe
wn18rr,WN18RR_ego_1,1.0,31,rps_gtok_identifier
wn18rr,WN18RR_ego_2,0.0,65,edge_list
wn18rr,WN18RR_ego_2,0.0,65,canonical_edge_list
wn18rr,WN18RR_ego_2,0.0,64,adjacency_list
wn18rr,WN18RR_ego_2,0.0,64,canonical_adjacency_list
wn18rr,WN18RR_ego_2,0.0,304,dfs_order
wn18rr,WN18RR_ego_2,0.0,304,canonical_dfs_order
wn18rr,WN18RR_ego_2,0.0,304,bfs_order
wn18rr,WN18RR_ego_2,0.0,304,canonical_bfs_order
wn18rr,WN18RR_ego_2,0.0,5,edge_list_bpe
wn18rr,WN18RR_ego_2,0.0,65,canonical_edge_list_bpe
wn18rr,WN18RR_ego_2,0.0,64,canonical_adjacency_list_bpe
wn18rr,WN18RR_ego_2,0.0,182,canonical_dfs_order_bpe
wn18rr,WN18RR_ego_2,0.0,182,canonical_bfs_order_bpe
wn18rr,WN18RR_ego_2,1.0,26,rps_gtok_identifier
wn18rr,WN18RR_ego_3,0.0,68,edge_list
wn18rr,WN18RR_ego_3,0.0,68,canonical_edge_list
wn18rr,WN18RR_ego_3,0.0,64,adjacency_list
wn18rr,WN18RR_ego_3,0.0,64,canonical_adjacency_list
wn18rr,WN18RR_ego_3,0.0,251,dfs_order
wn18rr,WN18RR_ego_3,0.0,251,canonical_dfs_order
wn18rr,WN18RR_ego_3,0.0,251,bfs_order
wn18rr,WN18RR_ego_3,0.0,251,canonical_bfs_order
wn18rr,WN18RR_ego_3,0.0,15,edge_list_bpe
wn18rr,WN18RR_ego_3,0.0,68,canonical_edge_list_bpe
wn18rr,WN18RR_ego_3,0.0,64,canonical_adjacency_list_bpe
wn18rr,WN18RR_ego_3,0.0,182,canonical_dfs_order_bpe
wn18rr,WN18RR_ego_3,0.0,189,canonical_bfs_order_bpe
wn18rr,WN18RR_ego_3,1.0,29,rps_gtok_identifier
wn18rr,WN18RR_ego_4,0.0,63,edge_list
wn18rr,WN18RR_ego_4,1.0,63,canonical_edge_list
wn18rr,WN18RR_ego_4,0.0,64,adjacency_list
wn18rr,WN18RR_ego_4,1.0,64,canonical_adjacency_list
wn18rr,WN18RR_ego_4,0.0,127,dfs_order
wn18rr,WN18RR_ego_4,1.0,127,canonical_dfs_order
wn18rr,WN18RR_ego_4,0.0,127,bfs_order
wn18rr,WN18RR_ego_4,1.0,127,canonical_bfs_order
wn18rr,WN18RR_ego_4,0.0,2,edge_list_bpe
wn18rr,WN18RR_ego_4,1.0,2,canonical_edge_list_bpe
wn18rr,WN18RR_ego_4,1.0,3,canonical_adjacency_list_bpe
wn18rr,WN18RR_ego_4,1.0,64,canonical_dfs_order_bpe
wn18rr,WN18RR_ego_4,1.0,64,canonical_bfs_order_bpe
wn18rr,WN18RR_ego_4,1.0,22,rps_gtok_identifier
wn18rr,WN18RR_ego_5,0.0,75,edge_list
wn18rr,WN18RR_ego_5,0.0,75,canonical_edge_list
wn18rr,WN18RR_ego_5,0.0,64,adjacency_list
wn18rr,WN18RR_ego_5,0.0,64,canonical_adjacency_list
wn18rr,WN18RR_ego_5,0.0,200,dfs_order
wn18rr,WN18RR_ego_5,0.0,200,canonical_dfs_order
wn18rr,WN18RR_ego_5,0.0,200,bfs_order
wn18rr,WN18RR_ego_5,0.0,200,canonical_bfs_order
wn18rr,WN18RR_ego_5,0.0,26,edge_list_bpe
wn18rr,WN18RR_ego_5,0.0,23,canonical_edge_list_bpe
wn18rr,WN18RR_ego_5,0.0,16,canonical_adjacency_list_bpe
wn18rr,WN18RR_ego_5,0.0,138,canonical_dfs_order_bpe
wn18rr,WN18RR_ego_5,0.0,138,canonical_bfs_order_bpe
wn18rr,WN18RR_ego_5,1.0,29,rps_gtok_identifier
