dataset,graphs,mean_permutation_stability,mean_tokens,view
ast_cfg_cpg,6,0.0,171.16666666666666,edge_list
ast_cfg_cpg,6,0.0,171.16666666666666,canonical_edge_list
ast_cfg_cpg,6,0.0,172.16666666666666,adjacency_list
ast_cfg_cpg,6,0.0,172.16666666666666,canonical_adjacency_list
ast_cfg_cpg,6,0.0,172.16666666666666,dfs_order
ast_cfg_cpg,6,0.0,172.16666666666666,canonical_dfs_order
ast_cfg_cpg,6,0.0,172.16666666666666,bfs_order
ast_cfg_cpg,6,0.0,172.16666666666666,canonical_bfs_order
ast_cfg_cpg,6,0.0,64.16666666666667,edge_list_bpe
ast_cfg_cpg,6,0.0,171.16666666666666,canonical_edge_list_bpe
ast_cfg_cpg,6,0.0,142.33333333333334,canonical_adjacency_list_bpe
ast_cfg_cpg,6,0.0,171.83333333333334,canonical_dfs_order_bpe
ast_cfg_cpg,6,0.0,172.16666666666666,canonical_bfs_order_bpe
ast_cfg_cpg,6,1.0,98.83333333333333,rps_gtok_identifier
cifar10_sp,6,0.0,552.8333333333334,edge_list
cifar10_sp,6,1.0,552.8333333333334,canonical_edge_list
cifar10_sp,6,0.0,115.0,adjacency_list
cifar10_sp,6,1.0,115.0,canonical_adjacency_list
cifar10_sp,6,0.0,115.0,dfs_order
cifar10_sp,6,1.0,115.0,canonical_dfs_order
cifar10_sp,6,0.0,115.0,bfs_order
cifar10_sp,6,1.0,115.0,canonical_bfs_order
cifar10_sp,6,0.0,542.1666666666666,edge_list_bpe
cifar10_sp,6,1.0,542.8333333333334,canonical_edge_list_bpe
cifar10_sp,6,1.0,115.0,canonical_adjacency_list_bpe
cifar10_sp,6,1.0,115.0,canonical_dfs_order_bpe
cifar10_sp,6,1.0,115.0,canonical_bfs_order_bpe
cifar10_sp,6,1.0,60.333333333333336,rps_gtok_identifier
citeseer,6,0.0,154.83333333333334,edge_list
citeseer,6,0.8333333333333334,154.83333333333334,canonical_edge_list
citeseer,6,0.0,64.0,adjacency_list
citeseer,6,0.8333333333333334,64.0,canonical_adjacency_list
citeseer,6,0.0,64.0,dfs_order
citeseer,6,0.8333333333333334,64.0,canonical_dfs_order
citeseer,6,0.0,64.0,bfs_order
citeseer,6,1.0,64.0,canonical_bfs_order
citeseer,6,0.0,89.5,edge_list_bpe
citeseer,6,0.8333333333333334,81.66666666666667,canonical_edge_list_bpe
citeseer,6,0.8333333333333334,43.0,canonical_adjacency_list_bpe
citeseer,6,0.8333333333333334,42.5,canonical_dfs_order_bpe
citeseer,6,1.0,37.666666666666664,canonical_bfs_order_bpe
citeseer,6,0.9444444444444445,55.833333333333336,rps_gtok_identifier
collab,6,0.3333333333333333,794.5,edge_list
collab,6,0.8888888888888888,794.5,canonical_edge_list
collab,6,0.3333333333333333,44.666666666666664,adjacency_list
collab,6,0.8888888888888888,44.666666666666664,canonical_adjacency_list
collab,6,0.0,44.666666666666664,dfs_order
collab,6,0.8888888888888888,44.666666666666664,canonical_dfs_order
collab,6,0.0,44.666666666666664,bfs_order
collab,6,1.0,44.666666666666664,canonical_bfs_order
collab,6,0.3333333333333333,427.0,edge_list_bpe
collab,6,0.8888888888888888,420.5,canonical_edge_list_bpe
collab,6,0.8888888888888888,44.666666666666664,canonical_adjacency_list_bpe
collab,6,0.8888888888888888,16.833333333333332,canonical_dfs_order_bpe
collab,6,1.0,34.333333333333336,canonical_bfs_order_bpe
collab,6,1.0,49.333333333333336,rps_gtok_identifier
cora,6,0.0,106.5,edge_list
cora,6,0.5,106.5,canonical_edge_list
cora,6,0.0,64.0,adjacency_list
cora,6,0.5,64.0,canonical_adjacency_list
cora,6,0.0,64.0,dfs_order
cora,6,0.5,64.0,canonical_dfs_order
cora,6,0.0,64.0,bfs_order
cora,6,1.0,64.0,canonical_bfs_order
cora,6,0.0,104.83333333333333,edge_list_bpe
cora,6,0.5,105.16666666666667,canonical_edge_list_bpe
cora,6,0.5,64.0,canonical_adjacency_list_bpe
cora,6,0.5,63.333333333333336,canonical_dfs_order_bpe
cora,6,1.0,64.0,canonical_bfs_order_bpe
cora,6,0.7777777777777778,47.833333333333336,rps_gtok_identifier
enzymes,6,0.0,52.833333333333336,edge_list
enzymes,6,1.0,52.833333333333336,canonical_edge_list
enzymes,6,0.0,26.0,adjacency_list
enzymes,6,1.0,26.0,canonical_adjacency_list
enzymes,6,0.0,26.0,dfs_order
enzymes,6,1.0,26.0,canonical_dfs_order
enzymes,6,0.0,26.0,bfs_order
enzymes,6,1.0,26.0,canonical_bfs_order
enzymes,6,0.0,37.166666666666664,edge_list_bpe
enzymes,6,1.0,49.5,canonical_edge_list_bpe
enzymes,6,1.0,26.0,canonical_adjacency_list_bpe
enzymes,6,1.0,25.333333333333332,canonical_dfs_order_bpe
enzymes,6,1.0,25.666666666666668,canonical_bfs_order_bpe
enzymes,6,1.0,30.5,rps_gtok_identifier
fb15k_237,6,0.0,132.16666666666666,edge_list
fb15k_237,6,0.16666666666666666,132.16666666666666,canonical_edge_list
fb15k_237,6,0.0,64.0,adjacency_list
fb15k_237,6,0.16666666666666666,64.0,canonical_adjacency_list
fb15k_237,6,0.0,631.6666666666666,dfs_order
fb15k_237,6,0.16666666666666666,631.6666666666666,canonical_dfs_order
fb15k_237,6,0.0,631.6666666666666,bfs_order
fb15k_237,6,0.16666666666666666,631.6666666666666,canonical_bfs_order
fb15k_237,6,0.0,112.66666666666667,edge_list_bpe
fb15k_237,6,0.16666666666666666,130.5,canonical_edge_list_bpe
fb15k_237,6,0.16666666666666666,64.0,canonical_adjacency_list_bpe
fb15k_237,6,0.16666666666666666,162.83333333333334,canonical_dfs_order_bpe
fb15k_237,6,0.16666666666666666,206.33333333333334,canonical_bfs_order_bpe
fb15k_237,6,1.0,136.16666666666666,rps_gtok_identifier
ieee_power_grid,3,0.0,36.666666666666664,edge_list
ieee_power_grid,3,1.0,36.666666666666664,canonical_edge_list
ieee_power_grid,3,0.0,32.666666666666664,adjacency_list
ieee_power_grid,3,1.0,32.666666666666664,canonical_adjacency_list
ieee_power_grid,3,0.0,103.33333333333333,dfs_order
ieee_power_grid,3,1.0,103.33333333333333,canonical_dfs_order
ieee_power_grid,3,0.0,103.33333333333333,bfs_order
ieee_power_grid,3,1.0,103.33333333333333,canonical_bfs_order
ieee_power_grid,3,0.0,36.0,edge_list_bpe
ieee_power_grid,3,1.0,36.0,canonical_edge_list_bpe
ieee_power_grid,3,1.0,32.666666666666664,canonical_adjacency_list_bpe
ieee_power_grid,3,1.0,46.333333333333336,canonical_dfs_order_bpe
ieee_power_grid,3,1.0,49.666666666666664,canonical_bfs_order_bpe
ieee_power_grid,3,1.0,34.0,rps_gtok_identifier
imdb_binary,6,0.0,113.66666666666667,edge_list
imdb_binary,6,0.8333333333333334,113.66666666666667,canonical_edge_list
imdb_binary,6,0.0,30.833333333333332,adjacency_list
imdb_binary,6,0.8333333333333334,30.833333333333332,canonical_adjacency_list
imdb_binary,6,0.0,30.833333333333332,dfs_order
imdb_binary,6,0.8333333333333334,30.833333333333332,canonical_dfs_order
imdb_binary,6,0.0,30.833333333333332,bfs_order
imdb_binary,6,1.0,30.833333333333332,canonical_bfs_order
imdb_binary,6,0.0,99.0,edge_list_bpe
imdb_binary,6,0.8333333333333334,78.5,canonical_edge_list_bpe
imdb_binary,6,0.8333333333333334,30.833333333333332,canonical_adjacency_list_bpe
imdb_binary,6,0.8333333333333334,22.833333333333332,canonical_dfs_order_bpe
imdb_binary,6,1.0,30.833333333333332,canonical_bfs_order_bpe
imdb_binary,6,0.8333333333333334,44.166666666666664,rps_gtok_identifier
mnist_sp,6,0.0,351.5,edge_list
mnist_sp,6,1.0,351.5,canonical_edge_list
mnist_sp,6,0.0,72.5,adjacency_list
mnist_sp,6,1.0,72.5,canonical_adjacency_list
mnist_sp,6,0.0,72.5,dfs_order
mnist_sp,6,1.0,72.5,canonical_dfs_order
mnist_sp,6,0.0,72.5,bfs_order
mnist_sp,6,1.0,72.5,canonical_bfs_order
mnist_sp,6,0.0,337.3333333333333,edge_list_bpe
mnist_sp,6,1.0,337.8333333333333,canonical_edge_list_bpe
mnist_sp,6,1.0,72.5,canonical_adjacency_list_bpe
mnist_sp,6,1.0,71.5,canonical_dfs_order_bpe
mnist_sp,6,1.0,71.16666666666667,canonical_bfs_order_bpe
mnist_sp,6,1.0,59.166666666666664,rps_gtok_identifier
mutag,6,0.0,18.5,edge_list
mutag,6,0.8333333333333334,18.5,canonical_edge_list
mutag,6,0.0,16.833333333333332,adjacency_list
mutag,6,0.8333333333333334,16.833333333333332,canonical_adjacency_list
mutag,6,0.0,16.833333333333332,dfs_order
mutag,6,0.8333333333333334,16.833333333333332,canonical_dfs_order
mutag,6,0.0,16.833333333333332,bfs_order
mutag,6,0.8333333333333334,16.833333333333332,canonical_bfs_order
mutag,6,0.0,8.833333333333334,edge_list_bpe
mutag,6,0.8333333333333334,13.166666666666666,canonical_edge_list_bpe
mutag,6,0.8333333333333334,12.833333333333334,canonical_adjacency_list_bpe
mutag,6,0.8333333333333334,12.5,canonical_dfs_order_bpe
mutag,6,0.8333333333333334,12.833333333333334,canonical_bfs_order_bpe
mutag,6,1.0,20.666666666666668,rps_gtok_identifier
ogbg_code2,6,0.0,128.83333333333334,edge_list
ogbg_code2,6,0.16666666666666666,128.83333333333334,canonical_edge_list
ogbg_code2,6,0.0,129.83333333333334,adjacency_list
ogbg_code2,6,0.16666666666666666,129.83333333333334,canonical_adjacency_list
ogbg_code2,6,0.0,129.83333333333334,dfs_order
ogbg_code2,6,0.16666666666666666,129.83333333333334,canonical_dfs_order
ogbg_code2,6,0.0,129.83333333333334,bfs_order
ogbg_code2,6,0.16666666666666666,129.83333333333334,canonical_bfs_order
ogbg_code2,6,0.0,113.5,edge_list_bpe
ogbg_code2,6,0.16666666666666666,128.83333333333334,canonical_edge_list_bpe
ogbg_code2,6,0.16666666666666666,129.83333333333334,canonical_adjacency_list_bpe
ogbg_code2,6,0.16666666666666666,129.83333333333334,canonical_dfs_order_bpe
ogbg_code2,6,0.16666666666666666,129.83333333333334,canonical_bfs_order_bpe
ogbg_code2,6,0.7222222222222222,71.16666666666667,rps_gtok_identifier
ogbg_molhiv,6,0.0,23.0,edge_list
ogbg_molhiv,6,0.4444444444444444,23.0,canonical_edge_list
ogbg_molhiv,6,0.0,21.5,adjacency_list
ogbg_molhiv,6,0.4444444444444444,21.5,canonical_adjacency_list
ogbg_molhiv,6,0.0,21.5,dfs_order
ogbg_molhiv,6,0.4444444444444444,21.5,canonical_dfs_order
ogbg_molhiv,6,0.0,21.5,bfs_order
ogbg_molhiv,6,0.4444444444444444,21.5,canonical_bfs_order
ogbg_molhiv,6,0.0,15.5,edge_list_bpe
ogbg_molhiv,6,0.4444444444444444,22.333333333333332,canonical_edge_list_bpe
ogbg_molhiv,6,0.4444444444444444,21.5,canonical_adjacency_list_bpe
ogbg_molhiv,6,0.4444444444444444,21.166666666666668,canonical_dfs_order_bpe
ogbg_molhiv,6,0.4444444444444444,21.5,canonical_bfs_order_bpe
ogbg_molhiv,6,0.9444444444444445,21.0,rps_gtok_identifier
ogbg_molpcba,6,0.0,24.166666666666668,edge_list
ogbg_molpcba,6,1.0,24.166666666666668,canonical_edge_list
ogbg_molpcba,6,0.0,22.333333333333332,adjacency_list
ogbg_molpcba,6,1.0,22.333333333333332,canonical_adjacency_list
ogbg_molpcba,6,0.0,22.333333333333332,dfs_order
ogbg_molpcba,6,1.0,22.333333333333332,canonical_dfs_order
ogbg_molpcba,6,0.0,22.333333333333332,bfs_order
ogbg_molpcba,6,1.0,22.333333333333332,canonical_bfs_order
ogbg_molpcba,6,0.0,16.333333333333332,edge_list_bpe
ogbg_molpcba,6,1.0,23.5,canonical_edge_list_bpe
ogbg_molpcba,6,1.0,22.333333333333332,canonical_adjacency_list_bpe
ogbg_molpcba,6,1.0,22.0,canonical_dfs_order_bpe
ogbg_molpcba,6,1.0,22.333333333333332,canonical_bfs_order_bpe
ogbg_molpcba,6,1.0,22.833333333333332,rps_gtok_identifier
ogbg_ppa,6,0.0,1734.3333333333333,edge_list
ogbg_ppa,6,0.8888888888888888,1734.3333333333333,canonical_edge_list
ogbg_ppa,6,0.0,141.0,adjacency_list
ogbg_ppa,6,0.8888888888888888,141.0,canonical_adjacency_list
ogbg_ppa,6,0.0,141.0,dfs_order
ogbg_ppa,6,0.8888888888888888,141.0,canonical_dfs_order
ogbg_ppa,6,0.0,141.0,bfs_order
ogbg_ppa,6,0.8888888888888888,141.0,canonical_bfs_order
ogbg_ppa,6,0.0,1530.6666666666667,edge_list_bpe
ogbg_ppa,6,0.8888888888888888,1687.3333333333333,canonical_edge_list_bpe
ogbg_ppa,6,0.8888888888888888,141.0,canonical_adjacency_list_bpe
ogbg_ppa,6,0.8888888888888888,140.66666666666666,canonical_dfs_order_bpe
ogbg_ppa,6,0.8888888888888888,141.0,canonical_bfs_order_bpe
ogbg_ppa,6,1.0,57.5,rps_gtok_identifier
ogbn_arxiv,6,0.0,390.5,edge_list
ogbn_arxiv,6,1.0,390.5,canonical_edge_list
ogbn_arxiv,6,0.0,64.0,adjacency_list
ogbn_arxiv,6,1.0,64.0,canonical_adjacency_list
ogbn_arxiv,6,0.0,983.1666666666666,dfs_order
ogbn_arxiv,6,1.0,983.1666666666666,canonical_dfs_order
ogbn_arxiv,6,0.0,983.1666666666666,bfs_order
ogbn_arxiv,6,1.0,983.1666666666666,canonical_bfs_order
ogbn_arxiv,6,0.0,377.8333333333333,edge_list_bpe
ogbn_arxiv,6,1.0,364.1666666666667,canonical_edge_list_bpe
ogbn_arxiv,6,1.0,64.0,canonical_adjacency_list_bpe
ogbn_arxiv,6,1.0,249.5,canonical_dfs_order_bpe
ogbn_arxiv,6,1.0,609.0,canonical_bfs_order_bpe
ogbn_arxiv,6,1.0,56.833333333333336,rps_gtok_identifier
proteins,6,0.0,75.66666666666667,edge_list
proteins,6,1.0,75.66666666666667,canonical_edge_list
proteins,6,0.0,37.0,adjacency_list
proteins,6,1.0,37.0,canonical_adjacency_list
proteins,6,0.0,388.0,dfs_order
proteins,6,1.0,388.0,canonical_dfs_order
proteins,6,0.0,388.0,bfs_order
proteins,6,1.0,388.0,canonical_bfs_order
proteins,6,0.0,68.16666666666667,edge_list_bpe
proteins,6,1.0,73.5,canonical_edge_list_bpe
proteins,6,1.0,37.0,canonical_adjacency_list_bpe
proteins,6,1.0,83.16666666666667,canonical_dfs_order_bpe
proteins,6,1.0,143.5,canonical_bfs_order_bpe
proteins,6,1.0,33.166666666666664,rps_gtok_identifier
pubmed,6,0.0,124.16666666666667,edge_list
pubmed,6,0.8333333333333334,124.16666666666667,canonical_edge_list
pubmed,6,0.0,64.0,adjacency_list
pubmed,6,0.8333333333333334,64.0,canonical_adjacency_list
pubmed,6,0.0,64.0,dfs_order
pubmed,6,0.8333333333333334,64.0,canonical_dfs_order
pubmed,6,0.0,64.0,bfs_order
pubmed,6,1.0,64.0,canonical_bfs_order
pubmed,6,0.0,122.83333333333333,edge_list_bpe
pubmed,6,0.8333333333333334,118.16666666666667,canonical_edge_list_bpe
pubmed,6,0.8333333333333334,64.0,canonical_adjacency_list_bpe
pubmed,6,0.8333333333333334,63.333333333333336,canonical_dfs_order_bpe
pubmed,6,1.0,64.0,canonical_bfs_order_bpe
pubmed,6,0.9444444444444445,50.5,rps_gtok_identifier
road_networks,6,0.0,103.83333333333333,edge_list
road_networks,6,1.0,103.83333333333333,canonical_edge_list
road_networks,6,0.0,64.0,adjacency_list
road_networks,6,1.0,64.0,canonical_adjacency_list
road_networks,6,0.0,64.0,dfs_order
road_networks,6,1.0,64.0,canonical_dfs_order
road_networks,6,0.0,64.0,bfs_order
road_networks,6,1.0,64.0,canonical_bfs_order
road_networks,6,0.0,83.66666666666667,edge_list_bpe
road_networks,6,1.0,103.16666666666667,canonical_edge_list_bpe
road_networks,6,1.0,64.0,canonical_adjacency_list_bpe
road_networks,6,1.0,64.0,canonical_dfs_order_bpe
road_networks,6,1.0,64.0,canonical_bfs_order_bpe
road_networks,6,1.0,59.0,rps_gtok_identifier
synthetic_stress,6,0.16666666666666666,10.5,edge_list
synthetic_stress,6,0.6666666666666666,10.5,canonical_edge_list
synthetic_stress,6,0.16666666666666666,9.0,adjacency_list
synthetic_stress,6,0.6666666666666666,9.0,canonical_adjacency_list
synthetic_stress,6,0.0,9.0,dfs_order
synthetic_stress,6,0.6666666666666666,9.0,canonical_dfs_order
synthetic_stress,6,0.0,9.0,bfs_order
synthetic_stress,6,0.6666666666666666,9.0,canonical_bfs_order
synthetic_stress,6,0.16666666666666666,6.666666666666667,edge_list_bpe
synthetic_stress,6,0.6666666666666666,8.333333333333334,canonical_edge_list_bpe
synthetic_stress,6,0.6666666666666666,9.0,canonical_adjacency_list_bpe
synthetic_stress,6,0.6666666666666666,8.0,canonical_dfs_order_bpe
synthetic_stress,6,0.6666666666666666,6.833333333333333,canonical_bfs_order_bpe
synthetic_stress,6,0.8888888888888888,11.666666666666666,rps_gtok_identifier
wn18rr,6,0.0,66.66666666666667,edge_list
wn18rr,6,0.16666666666666666,66.66666666666667,canonical_edge_list
wn18rr,6,0.0,64.0,adjacency_list
wn18rr,6,0.16666666666666666,64.0,canonical_adjacency_list
wn18rr,6,0.0,199.5,dfs_order
wn18rr,6,0.16666666666666666,199.5,canonical_dfs_order
wn18rr,6,0.0,199.5,bfs_order
wn18rr,6,0.16666666666666666,199.5,canonical_bfs_order
wn18rr,6,0.0,19.5,edge_list_bpe
wn18rr,6,0.16666666666666666,37.833333333333336,canonical_edge_list_bpe
wn18rr,6,0.16666666666666666,35.833333333333336,canonical_adjacency_list_bpe
wn18rr,6,0.16666666666666666,116.33333333333333,canonical_dfs_order_bpe
wn18rr,6,0.16666666666666666,117.5,canonical_bfs_order_bpe
wn18rr,6,1.0,26.5,rps_gtok_identifier
