avg_bits_per_edge,avg_edge_f1,avg_edges,avg_exact_reconstruction,avg_executable,avg_lossless_expand_match,avg_macro_token_share,avg_nodes,avg_original_tokens,avg_raw_edge_f1,avg_strict_exact_reconstruction,avg_structure_edge_f1,avg_tokens,avg_vocab_proxy,dataset,failed_graphs,graphs,mode,split,test_graphs,train_graphs,val_graphs
,,,,,,,,,,,,,,CORA,,1,dataset,dataset,1,0,0
31.97091071517979,1.0,5278.0,1.0,1.0,1.0,0.0,2708.0,13295.0,0.00909435392194013,1.0,1.0,13295.0,0.0,CORA,0,1,original,test,,,
12.502648501734743,1.0,5278.0,1.0,1.0,1.0,0.0,2708.0,13295.0,0.00909435392194013,1.0,1.0,5745.0,0.0,CORA,0,1,compact,test,,,
9.341985913709546,1.0,5278.0,1.0,1.0,1.0,0.0,2708.0,13295.0,0.00909435392194013,1.0,1.0,5745.0,0.0,CORA,0,1,entropy,test,,,
0.9795205104316924,1.0,5278.0,1.0,1.0,1.0,0.0,2708.0,13295.0,0.00909435392194013,1.0,1.0,603.0,0.0,CORA,0,1,motif_macro,test,,,
0.8865290041832483,1.0,5278.0,1.0,1.0,1.0,0.0,2708.0,13295.0,0.00909435392194013,1.0,1.0,603.0,0.0,CORA,0,1,motif_entropy,test,,,
0.874701304399088,1.0,5278.0,1.0,1.0,1.0,0.0,2708.0,13295.0,0.00909435392194013,1.0,1.0,588.0,0.0,CORA,0,1,motif_hybrid,test,,,
,,,,,,,,,,,,,,IMDB-BINARY,,90,dataset,dataset,25,50,15
8.149492638722622,1.0,75.0,1.0,1.0,1.0,0.0,18.26,83.28,0.5621384008806818,1.0,1.0,83.28,25.12,IMDB-BINARY,0,50,original,train,,,
1.9120947588378119,1.0,75.0,1.0,1.0,1.0,0.0,18.26,83.28,0.5621384008806818,1.0,1.0,21.06,15.0,IMDB-BINARY,0,50,compact,train,,,
1.5922514554509997,1.0,75.0,1.0,1.0,1.0,0.0,18.26,83.28,0.5621384008806818,1.0,1.0,21.06,15.0,IMDB-BINARY,0,50,entropy,train,,,
0.8236235370609413,1.0,75.0,1.0,1.0,1.0,0.12292952700604964,18.26,83.28,0.5621384008806818,1.0,1.0,9.18,7.02,IMDB-BINARY,0,50,motif_macro,train,,,
1.3769797379986093,1.0,75.0,1.0,1.0,1.0,0.12292952700604964,18.26,83.28,0.5621384008806818,1.0,1.0,9.18,7.02,IMDB-BINARY,0,50,motif_entropy,train,,,
1.1154830507234281,1.0,75.0,1.0,1.0,1.0,0.057262973170916186,18.26,83.28,0.5621384008806818,1.0,1.0,13.3,10.0,IMDB-BINARY,0,50,motif_hybrid,train,,,
19.84556208189723,1.0,117.93333333333334,1.0,1.0,1.0,0.0,25.0,260.73333333333335,0.4832949528800537,0.0,1.0,260.73333333333335,40.06666666666667,IMDB-BINARY,0,15,original,val,,,
5.273788364989053,1.0,117.93333333333334,1.0,1.0,1.0,0.0,25.0,260.73333333333335,0.4832949528800537,0.0,1.0,70.93333333333334,38.53333333333333,IMDB-BINARY,0,15,compact,val,,,
4.297298774995094,1.0,117.93333333333334,1.0,1.0,1.0,0.0,25.0,260.73333333333335,0.4832949528800537,0.0,1.0,70.93333333333334,38.53333333333333,IMDB-BINARY,0,15,entropy,val,,,
1.4799975535939263,1.0,117.93333333333334,1.0,1.0,1.0,0.2677480368300802,25.0,260.73333333333335,0.4832949528800537,0.0,1.0,24.266666666666666,15.466666666666667,IMDB-BINARY,0,15,motif_macro,val,,,
2.3663785228027203,1.0,117.93333333333334,1.0,1.0,1.0,0.2677480368300802,25.0,260.73333333333335,0.4832949528800537,0.0,1.0,24.266666666666666,15.466666666666667,IMDB-BINARY,0,15,motif_entropy,val,,,
2.233994714349263,1.0,117.93333333333334,1.0,1.0,1.0,0.1712619573521046,25.0,260.73333333333335,0.4832949528800537,0.0,1.0,35.2,21.133333333333333,IMDB-BINARY,0,15,motif_hybrid,val,,,
13.213878118304125,1.0,66.36,1.0,1.0,1.0,0.0,16.72,94.24,0.5703912545593197,0.0,1.0,94.24,25.88,IMDB-BINARY,0,25,original,test,,,
3.5684486116325007,1.0,66.36,1.0,1.0,1.0,0.0,16.72,94.24,0.5703912545593197,0.0,1.0,29.92,18.92,IMDB-BINARY,0,25,compact,test,,,
2.865769115639137,1.0,66.36,1.0,1.0,1.0,0.0,16.72,94.24,0.5703912545593197,0.0,1.0,29.92,18.92,IMDB-BINARY,0,25,entropy,test,,,
1.0645163994470397,1.0,66.36,1.0,1.0,1.0,0.1869577607021216,16.72,94.24,0.5703912545593197,0.0,1.0,9.68,7.72,IMDB-BINARY,0,25,motif_macro,test,,,
1.5136181014741108,1.0,66.36,1.0,1.0,1.0,0.1869577607021216,16.72,94.24,0.5703912545593197,0.0,1.0,9.68,7.72,IMDB-BINARY,0,25,motif_entropy,test,,,
1.4280441610025245,1.0,66.36,1.0,1.0,1.0,0.1492814441870954,16.72,94.24,0.5703912545593197,0.0,1.0,12.4,9.4,IMDB-BINARY,0,25,motif_hybrid,test,,,
,,,,,,,,,,,,,,MUTAG,,188,dataset,dataset,37,132,19
13.628106723313973,1.0,19.772727272727273,1.0,1.0,1.0,0.0,17.901515151515152,25.166666666666668,0.6173084764770309,0.0,1.0,25.166666666666668,20.856060606060606,MUTAG,0,132,original,train,,,
3.1609732589768216,1.0,19.772727272727273,1.0,1.0,1.0,0.0,17.901515151515152,25.166666666666668,0.6173084764770309,0.0,1.0,7.371212121212121,7.166666666666667,MUTAG,0,132,compact,train,,,
2.82363534967072,1.0,19.772727272727273,1.0,1.0,1.0,0.0,17.901515151515152,25.166666666666668,0.6173084764770309,0.0,1.0,7.371212121212121,7.166666666666667,MUTAG,0,132,entropy,train,,,
1.874648421106181,1.0,19.772727272727273,1.0,1.0,1.0,0.14743867243867245,17.901515151515152,25.166666666666668,0.6173084764770309,0.0,1.0,4.393939393939394,4.371212121212121,MUTAG,0,132,motif_macro,train,,,
3.281655324744356,1.0,19.772727272727273,1.0,1.0,1.0,0.14743867243867245,17.901515151515152,25.166666666666668,0.6173084764770309,0.0,1.0,4.393939393939394,4.371212121212121,MUTAG,0,132,motif_entropy,train,,,
2.5215532936275413,1.0,19.772727272727273,1.0,1.0,1.0,0.04921837421837422,17.901515151515152,25.166666666666668,0.6173084764770309,0.0,1.0,6.742424242424242,6.575757575757576,MUTAG,0,132,motif_hybrid,train,,,
18.334580610030226,1.0,21.789473684210527,1.0,1.0,1.0,0.0,19.473684210526315,36.68421052631579,0.5126008053918589,0.0,1.0,36.68421052631579,22.473684210526315,MUTAG,0,19,original,val,,,
5.480595282032533,1.0,21.789473684210527,1.0,1.0,1.0,0.0,19.473684210526315,36.68421052631579,0.5126008053918589,0.0,1.0,13.68421052631579,11.736842105263158,MUTAG,0,19,compact,val,,,
4.936585945321889,1.0,21.789473684210527,1.0,1.0,1.0,0.0,19.473684210526315,36.68421052631579,0.5126008053918589,0.0,1.0,13.68421052631579,11.736842105263158,MUTAG,0,19,entropy,val,,,
2.3756073729241898,1.0,21.789473684210527,1.0,1.0,1.0,0.20520619731146048,19.473684210526315,36.68421052631579,0.5126008053918589,0.0,1.0,6.157894736842105,6.052631578947368,MUTAG,0,19,motif_macro,val,,,
5.0109528176699785,1.0,21.789473684210527,1.0,1.0,1.0,0.20520619731146048,19.473684210526315,36.68421052631579,0.5126008053918589,0.0,1.0,6.157894736842105,6.052631578947368,MUTAG,0,19,motif_entropy,val,,,
4.000735025979473,1.0,21.789473684210527,1.0,1.0,1.0,0.06650717703349282,19.473684210526315,36.68421052631579,0.5126008053918589,0.0,1.0,10.263157894736842,9.68421052631579,MUTAG,0,19,motif_hybrid,val,,,
16.109902011020203,1.0,18.83783783783784,1.0,1.0,1.0,0.0,17.243243243243242,27.945945945945947,0.5880029244767154,0.0,1.0,27.945945945945947,19.16216216216216,MUTAG,0,37,original,test,,,
5.119417837964702,1.0,18.83783783783784,1.0,1.0,1.0,0.0,17.243243243243242,27.945945945945947,0.5880029244767154,0.0,1.0,10.64864864864865,9.27027027027027,MUTAG,0,37,compact,test,,,
4.418048009838577,1.0,18.83783783783784,1.0,1.0,1.0,0.0,17.243243243243242,27.945945945945947,0.5880029244767154,0.0,1.0,10.64864864864865,9.27027027027027,MUTAG,0,37,entropy,test,,,
2.5420891067235263,1.0,18.83783783783784,1.0,1.0,1.0,0.16265551265551265,17.243243243243242,27.945945945945947,0.5880029244767154,0.0,1.0,5.513513513513513,5.351351351351352,MUTAG,0,37,motif_macro,test,,,
3.692493769997565,1.0,18.83783783783784,1.0,1.0,1.0,0.16265551265551265,17.243243243243242,27.945945945945947,0.5880029244767154,0.0,1.0,5.513513513513513,5.351351351351352,MUTAG,0,37,motif_entropy,test,,,
3.2760455269281943,1.0,18.83783783783784,1.0,1.0,1.0,0.06681681681681682,17.243243243243242,27.945945945945947,0.5880029244767154,0.0,1.0,7.972972972972973,7.45945945945946,MUTAG,0,37,motif_hybrid,test,,,
,,,,,,,,,,,,,,OGBG-MOLHIV,,330,dataset,dataset,80,200,50
13.904149216417018,1.0,28.505,1.0,1.0,1.0,0.0,26.735,34.06,0.5391702612425245,0.0,1.0,34.06,24.0,OGBG-MOLHIV,0,200,original,train,,,
4.083204855856598,1.0,28.505,1.0,1.0,1.0,0.0,26.735,34.06,0.5391702612425245,0.0,1.0,11.775,11.225,OGBG-MOLHIV,0,200,compact,train,,,
3.6592054589655447,1.0,28.505,1.0,1.0,1.0,0.0,26.735,34.06,0.5391702612425245,0.0,1.0,11.775,11.225,OGBG-MOLHIV,0,200,entropy,train,,,
1.9115538367410914,1.0,28.505,1.0,1.0,1.0,0.21104284604284604,26.735,34.06,0.5391702612425245,0.0,1.0,5.355,5.305,OGBG-MOLHIV,0,200,motif_macro,train,,,
4.490931276130537,1.0,28.505,1.0,1.0,1.0,0.21104284604284604,26.735,34.06,0.5391702612425245,0.0,1.0,5.355,5.305,OGBG-MOLHIV,0,200,motif_entropy,train,,,
3.404743917518104,1.0,28.505,1.0,1.0,1.0,0.02883372591460827,26.735,34.06,0.5391702612425245,0.0,1.0,11.135,10.61,OGBG-MOLHIV,0,200,motif_hybrid,train,,,
17.730729230208972,1.0,34.1,1.0,1.0,1.0,0.0,31.58,50.16,0.5229326514686445,0.0,1.0,50.16,20.04,OGBG-MOLHIV,0,50,original,val,,,
5.510506726213002,1.0,34.1,1.0,1.0,1.0,0.0,31.58,50.16,0.5229326514686445,0.0,1.0,18.28,15.46,OGBG-MOLHIV,0,50,compact,val,,,
4.783552010045095,1.0,34.1,1.0,1.0,1.0,0.0,31.58,50.16,0.5229326514686445,0.0,1.0,18.28,15.46,OGBG-MOLHIV,0,50,entropy,val,,,
2.2483312483629643,1.0,34.1,1.0,1.0,1.0,0.26905427905427903,31.58,50.16,0.5229326514686445,0.0,1.0,7.46,7.04,OGBG-MOLHIV,0,50,motif_macro,val,,,
3.550379370451471,1.0,34.1,1.0,1.0,1.0,0.26905427905427903,31.58,50.16,0.5229326514686445,0.0,1.0,7.46,7.04,OGBG-MOLHIV,0,50,motif_entropy,val,,,
3.3988491256861595,1.0,34.1,1.0,1.0,1.0,0.14711819564451142,31.58,50.16,0.5229326514686445,0.0,1.0,11.78,10.54,OGBG-MOLHIV,0,50,motif_hybrid,val,,,
17.335499706167862,1.0,27.6375,1.0,1.0,1.0,0.0,25.05,43.3375,0.5087405649979939,0.0,1.0,43.3375,20.475,OGBG-MOLHIV,0,80,original,test,,,
5.892160435318732,1.0,27.6375,1.0,1.0,1.0,0.0,25.05,43.3375,0.5087405649979939,0.0,1.0,16.75,14.7875,OGBG-MOLHIV,0,80,compact,test,,,
5.094473325640661,1.0,27.6375,1.0,1.0,1.0,0.0,25.05,43.3375,0.5087405649979939,0.0,1.0,16.75,14.7875,OGBG-MOLHIV,0,80,entropy,test,,,
2.4817872462803985,1.0,27.6375,1.0,1.0,1.0,0.24327301171051172,25.05,43.3375,0.5087405649979939,0.0,1.0,7.125,6.8375,OGBG-MOLHIV,0,80,motif_macro,test,,,
3.740566118741825,1.0,27.6375,1.0,1.0,1.0,0.24327301171051172,25.05,43.3375,0.5087405649979939,0.0,1.0,7.125,6.8375,OGBG-MOLHIV,0,80,motif_entropy,test,,,
3.4832355003142514,1.0,27.6375,1.0,1.0,1.0,0.12533365182348474,25.05,43.3375,0.5087405649979939,0.0,1.0,10.6875,10.025,OGBG-MOLHIV,0,80,motif_hybrid,test,,,
,,,,,,,,,,,,,,PEPTIDES-FUNC,,300,dataset,dataset,67,200,33
10.453485186075788,1.0,145.12,1.0,1.0,1.0,0.0,142.665,123.89,0.48171971651941653,1.0,1.0,123.89,64.885,PEPTIDES-FUNC,0,200,original,train,,,
2.903309795940429,1.0,145.12,1.0,1.0,1.0,0.0,142.665,123.89,0.48171971651941653,1.0,1.0,39.605,35.515,PEPTIDES-FUNC,0,200,compact,train,,,
2.574165481620451,1.0,145.12,1.0,1.0,1.0,0.0,142.665,123.89,0.48171971651941653,1.0,1.0,39.605,35.515,PEPTIDES-FUNC,0,200,entropy,train,,,
1.0472062174050722,1.0,145.12,1.0,1.0,1.0,0.3154499182958284,142.665,123.89,0.48171971651941653,1.0,1.0,13.45,11.77,PEPTIDES-FUNC,0,200,motif_macro,train,,,
3.726777916613227,1.0,145.12,1.0,1.0,1.0,0.3154499182958284,142.665,123.89,0.48171971651941653,1.0,1.0,13.45,11.77,PEPTIDES-FUNC,0,200,motif_entropy,train,,,
2.591053610771866,1.0,145.12,1.0,1.0,1.0,0.036324463879150275,142.665,123.89,0.48171971651941653,1.0,1.0,39.77,34.175,PEPTIDES-FUNC,0,200,motif_hybrid,train,,,
11.265554481408328,1.0,153.1818181818182,1.0,1.0,1.0,0.0,149.93939393939394,133.54545454545453,0.47298875286948083,1.0,1.0,133.54545454545453,70.63636363636364,PEPTIDES-FUNC,0,33,original,val,,,
3.2605142920522674,1.0,153.1818181818182,1.0,1.0,1.0,0.0,149.93939393939394,133.54545454545453,0.47298875286948083,1.0,1.0,42.96969696969697,38.515151515151516,PEPTIDES-FUNC,0,33,compact,val,,,
2.874937704049618,1.0,153.1818181818182,1.0,1.0,1.0,0.0,149.93939393939394,133.54545454545453,0.47298875286948083,1.0,1.0,42.96969696969697,38.515151515151516,PEPTIDES-FUNC,0,33,entropy,val,,,
1.072298389632258,1.0,153.1818181818182,1.0,1.0,1.0,0.313892036816938,149.93939393939394,133.54545454545453,0.47298875286948083,1.0,1.0,12.878787878787879,11.424242424242424,PEPTIDES-FUNC,0,33,motif_macro,val,,,
4.005153406897278,1.0,153.1818181818182,1.0,1.0,1.0,0.313892036816938,149.93939393939394,133.54545454545453,0.47298875286948083,1.0,1.0,12.878787878787879,11.424242424242424,PEPTIDES-FUNC,0,33,motif_entropy,val,,,
2.8747036304413274,1.0,153.1818181818182,1.0,1.0,1.0,0.026961219812913495,149.93939393939394,133.54545454545453,0.47298875286948083,1.0,1.0,43.75757575757576,37.78787878787879,PEPTIDES-FUNC,0,33,motif_hybrid,val,,,
10.434801323916822,1.0,138.07462686567163,1.0,1.0,1.0,0.0,135.6865671641791,120.80597014925372,0.4776640388174682,1.0,1.0,120.80597014925372,61.95522388059702,PEPTIDES-FUNC,0,67,original,test,,,
3.144140102611314,1.0,138.07462686567163,1.0,1.0,1.0,0.0,135.6865671641791,120.80597014925372,0.4776640388174682,1.0,1.0,41.23880597014925,35.64179104477612,PEPTIDES-FUNC,0,67,compact,test,,,
2.7594398425479087,1.0,138.07462686567163,1.0,1.0,1.0,0.0,135.6865671641791,120.80597014925372,0.4776640388174682,1.0,1.0,41.23880597014925,35.64179104477612,PEPTIDES-FUNC,0,67,entropy,test,,,
1.1201310620046914,1.0,138.07462686567163,1.0,1.0,1.0,0.31388635794929803,135.6865671641791,120.80597014925372,0.4776640388174682,1.0,1.0,14.014925373134329,12.134328358208956,PEPTIDES-FUNC,0,67,motif_macro,test,,,
3.8522800026470088,1.0,138.07462686567163,1.0,1.0,1.0,0.31388635794929803,135.6865671641791,120.80597014925372,0.4776640388174682,1.0,1.0,14.014925373134329,12.134328358208956,PEPTIDES-FUNC,0,67,motif_entropy,test,,,
2.788651893407578,1.0,138.07462686567163,1.0,1.0,1.0,0.026855162118266863,135.6865671641791,120.80597014925372,0.4776640388174682,1.0,1.0,40.88059701492537,34.19402985074627,PEPTIDES-FUNC,0,67,motif_hybrid,test,,,
,,,,,,,,,,,,,,PROTEINS,,500,dataset,dataset,120,300,80
9.683041483176979,1.0,77.81333333333333,1.0,1.0,1.0,0.0,41.85666666666667,80.97333333333333,0.3970969121619874,1.0,1.0,80.97333333333333,42.53666666666667,PROTEINS,0,300,original,train,,,
3.8363865772790264,1.0,77.81333333333333,1.0,1.0,1.0,0.0,41.85666666666667,80.97333333333333,0.3970969121619874,1.0,1.0,32.86,25.776666666666667,PROTEINS,0,300,compact,train,,,
3.2721747196950233,1.0,77.81333333333333,1.0,1.0,1.0,0.0,41.85666666666667,80.97333333333333,0.3970969121619874,1.0,1.0,32.86,25.776666666666667,PROTEINS,0,300,entropy,train,,,
1.4908812983565325,1.0,77.81333333333333,1.0,1.0,1.0,0.1654470822834588,41.85666666666667,80.97333333333333,0.3970969121619874,1.0,1.0,8.51,7.62,PROTEINS,0,300,motif_macro,train,,,
3.8330063461660497,1.0,77.81333333333333,1.0,1.0,1.0,0.1654470822834588,41.85666666666667,80.97333333333333,0.3970969121619874,1.0,1.0,8.51,7.62,PROTEINS,0,300,motif_entropy,train,,,
3.076314292034865,1.0,77.81333333333333,1.0,1.0,1.0,0.011680521094052192,41.85666666666667,80.97333333333333,0.3970969121619874,1.0,1.0,27.016666666666666,23.386666666666667,PROTEINS,0,300,motif_hybrid,train,,,
32.9349963186343,1.0,80.0875,1.0,1.0,1.0,0.0,42.7125,209.7875,0.38296700864382843,0.0,1.0,209.7875,26.5625,PROTEINS,0,80,original,val,,,
13.350959519996838,1.0,80.0875,1.0,1.0,1.0,0.0,42.7125,209.7875,0.38296700864382843,0.0,1.0,91.475,44.9,PROTEINS,0,80,compact,val,,,
10.667476198746016,1.0,80.0875,1.0,1.0,1.0,0.0,42.7125,209.7875,0.38296700864382843,0.0,1.0,91.475,44.9,PROTEINS,0,80,entropy,val,,,
3.2122590847735384,1.0,80.0875,1.0,1.0,1.0,0.2758219477395292,42.7125,209.7875,0.38296700864382843,0.0,1.0,22.55,16.025,PROTEINS,0,80,motif_macro,val,,,
2.6175254835627113,1.0,80.0875,1.0,1.0,1.0,0.2758219477395292,42.7125,209.7875,0.38296700864382843,0.0,1.0,22.55,16.025,PROTEINS,0,80,motif_entropy,val,,,
3.012280377041955,1.0,80.0875,1.0,1.0,1.0,0.26807913091376095,42.7125,209.7875,0.38296700864382843,0.0,1.0,23.75,16.7125,PROTEINS,0,80,motif_hybrid,val,,,
32.86620476469693,1.0,67.98333333333333,1.0,1.0,1.0,0.0,37.1,177.21666666666667,0.35918616656302144,0.0,1.0,177.21666666666667,27.366666666666667,PROTEINS,0,120,original,test,,,
13.536396555444535,1.0,67.98333333333333,1.0,1.0,1.0,0.0,37.1,177.21666666666667,0.35918616656302144,0.0,1.0,78.4,44.208333333333336,PROTEINS,0,120,compact,test,,,
10.7355296448157,1.0,67.98333333333333,1.0,1.0,1.0,0.0,37.1,177.21666666666667,0.35918616656302144,0.0,1.0,78.4,44.208333333333336,PROTEINS,0,120,entropy,test,,,
3.2666097378229932,1.0,67.98333333333333,1.0,1.0,1.0,0.2743337981315641,37.1,177.21666666666667,0.35918616656302144,0.0,1.0,19.7,14.816666666666666,PROTEINS,0,120,motif_macro,test,,,
2.729840471688198,1.0,67.98333333333333,1.0,1.0,1.0,0.2743337981315641,37.1,177.21666666666667,0.35918616656302144,0.0,1.0,19.7,14.816666666666666,PROTEINS,0,120,motif_entropy,test,,,
3.1045920401553624,1.0,67.98333333333333,1.0,1.0,1.0,0.2650045403354584,37.1,177.21666666666667,0.35918616656302144,0.0,1.0,20.775,15.508333333333333,PROTEINS,0,120,motif_hybrid,test,,,
,,,,,,,,,,,,,,QM9,,300,dataset,dataset,67,200,33
15.159616290004232,1.0,19.21,1.0,1.0,1.0,0.0,18.555,25.44,0.33074733738726536,0.0,1.0,25.44,21.72,QM9,0,200,original,train,,,
4.467441355205932,1.0,19.21,1.0,1.0,1.0,0.0,18.555,25.44,0.33074733738726536,0.0,1.0,8.71,8.63,QM9,0,200,compact,train,,,
3.9154285777930333,1.0,19.21,1.0,1.0,1.0,0.0,18.555,25.44,0.33074733738726536,0.0,1.0,8.71,8.63,QM9,0,200,entropy,train,,,
2.5458287519306464,1.0,19.21,1.0,1.0,1.0,0.15975,18.555,25.44,0.33074733738726536,0.0,1.0,5.22,5.205,QM9,0,200,motif_macro,train,,,
5.206992840917474,1.0,19.21,1.0,1.0,1.0,0.15975,18.555,25.44,0.33074733738726536,0.0,1.0,5.22,5.205,QM9,0,200,motif_entropy,train,,,
3.8416744529209508,1.0,19.21,1.0,1.0,1.0,0.0,18.555,25.44,0.33074733738726536,0.0,1.0,8.71,8.63,QM9,0,200,motif_hybrid,train,,,
20.290297964018862,1.0,18.939393939393938,1.0,1.0,1.0,0.0,18.303030303030305,35.21212121212121,0.21161458688242546,0.0,1.0,35.21212121212121,15.272727272727273,QM9,0,33,original,val,,,
8.568803442091747,1.0,18.939393939393938,1.0,1.0,1.0,0.0,18.303030303030305,35.21212121212121,0.21161458688242546,0.0,1.0,16.454545454545453,13.303030303030303,QM9,0,33,compact,val,,,
7.293802749217893,1.0,18.939393939393938,1.0,1.0,1.0,0.0,18.303030303030305,35.21212121212121,0.21161458688242546,0.0,1.0,16.454545454545453,13.303030303030303,QM9,0,33,entropy,val,,,
3.33327694717293,1.0,18.939393939393938,1.0,1.0,1.0,0.2103305785123967,18.303030303030305,35.21212121212121,0.21161458688242546,0.0,1.0,6.9393939393939394,6.787878787878788,QM9,0,33,motif_macro,val,,,
3.8437423110880924,1.0,18.939393939393938,1.0,1.0,1.0,0.2103305785123967,18.303030303030305,35.21212121212121,0.21161458688242546,0.0,1.0,6.9393939393939394,6.787878787878788,QM9,0,33,motif_entropy,val,,,
3.8125867612591073,1.0,18.939393939393938,1.0,1.0,1.0,0.17272727272727273,18.303030303030305,35.21212121212121,0.21161458688242546,0.0,1.0,7.848484848484849,7.575757575757576,QM9,0,33,motif_hybrid,val,,,
19.92103984674882,1.0,18.70149253731343,1.0,1.0,1.0,0.0,18.074626865671643,33.776119402985074,0.21980279899104474,0.0,1.0,33.776119402985074,15.17910447761194,QM9,0,67,original,test,,,
8.576373121267878,1.0,18.70149253731343,1.0,1.0,1.0,0.0,18.074626865671643,33.776119402985074,0.21980279899104474,0.0,1.0,15.91044776119403,13.119402985074627,QM9,0,67,compact,test,,,
7.290885312465663,1.0,18.70149253731343,1.0,1.0,1.0,0.0,18.074626865671643,33.776119402985074,0.21980279899104474,0.0,1.0,15.91044776119403,13.119402985074627,QM9,0,67,entropy,test,,,
3.678790163413471,1.0,18.70149253731343,1.0,1.0,1.0,0.19384139906527967,18.074626865671643,33.776119402985074,0.21980279899104474,0.0,1.0,7.373134328358209,7.164179104477612,QM9,0,67,motif_macro,test,,,
4.557161994941925,1.0,18.70149253731343,1.0,1.0,1.0,0.19384139906527967,18.074626865671643,33.776119402985074,0.21980279899104474,0.0,1.0,7.373134328358209,7.164179104477612,QM9,0,67,motif_entropy,test,,,
4.346120359574401,1.0,18.70149253731343,1.0,1.0,1.0,0.15036182722749886,18.074626865671643,33.776119402985074,0.21980279899104474,0.0,1.0,8.611940298507463,8.223880597014926,QM9,0,67,motif_hybrid,test,,,
,,,,,,,,,,,,,,ZINC,,330,dataset,dataset,80,200,50
12.418258067069607,1.0,24.66,1.0,1.0,1.0,0.0,22.965,27.29,0.5754042439061199,0.0,1.0,27.29,21.58,ZINC,0,200,original,train,,,
3.4785215395534568,1.0,24.66,1.0,1.0,1.0,0.0,22.965,27.29,0.5754042439061199,0.0,1.0,9.0,8.87,ZINC,0,200,compact,train,,,
3.125357267117912,1.0,24.66,1.0,1.0,1.0,0.0,22.965,27.29,0.5754042439061199,0.0,1.0,9.0,8.87,ZINC,0,200,entropy,train,,,
1.9484843263285145,1.0,24.66,1.0,1.0,1.0,0.19144444444444444,22.965,27.29,0.5754042439061199,0.0,1.0,5.12,5.11,ZINC,0,200,motif_macro,train,,,
4.029282584233174,1.0,24.66,1.0,1.0,1.0,0.19144444444444444,22.965,27.29,0.5754042439061199,0.0,1.0,5.12,5.11,ZINC,0,200,motif_entropy,train,,,
2.951010271142034,1.0,24.66,1.0,1.0,1.0,0.0198255772005772,22.965,27.29,0.5754042439061199,0.0,1.0,8.64,8.53,ZINC,0,200,motif_hybrid,train,,,
12.487485774038761,1.0,24.5,1.0,1.0,1.0,0.0,22.86,28.92,0.5501157787571549,0.0,1.0,28.92,18.36,ZINC,0,50,original,val,,,
4.114522762013576,1.0,24.5,1.0,1.0,1.0,0.0,22.86,28.92,0.5501157787571549,0.0,1.0,10.64,10.1,ZINC,0,50,compact,val,,,
3.6585293296991166,1.0,24.5,1.0,1.0,1.0,0.0,22.86,28.92,0.5501157787571549,0.0,1.0,10.64,10.1,ZINC,0,50,entropy,val,,,
2.120667596747003,1.0,24.5,1.0,1.0,1.0,0.21294588744588744,22.86,28.92,0.5501157787571549,0.0,1.0,5.6,5.54,ZINC,0,50,motif_macro,val,,,
3.6186232348327736,1.0,24.5,1.0,1.0,1.0,0.21294588744588744,22.86,28.92,0.5501157787571549,0.0,1.0,5.6,5.54,ZINC,0,50,motif_entropy,val,,,
3.060023948120999,1.0,24.5,1.0,1.0,1.0,0.06759303561935141,22.86,28.92,0.5501157787571549,0.0,1.0,8.94,8.7,ZINC,0,50,motif_hybrid,val,,,
15.5601068490158,1.0,24.75,1.0,1.0,1.0,0.0,23.075,35.65,0.5219978027855817,0.0,1.0,35.65,19.6875,ZINC,0,80,original,test,,,
4.742437580162498,1.0,24.75,1.0,1.0,1.0,0.0,23.075,35.65,0.5219978027855817,0.0,1.0,12.5125,11.6125,ZINC,0,80,compact,test,,,
4.244437983632505,1.0,24.75,1.0,1.0,1.0,0.0,23.075,35.65,0.5219978027855817,0.0,1.0,12.5125,11.6125,ZINC,0,80,entropy,test,,,
2.2055062351369226,1.0,24.75,1.0,1.0,1.0,0.23029265873015872,23.075,35.65,0.5219978027855817,0.0,1.0,5.9375,5.8625,ZINC,0,80,motif_macro,test,,,
3.867396693910273,1.0,24.75,1.0,1.0,1.0,0.23029265873015872,23.075,35.65,0.5219978027855817,0.0,1.0,5.9375,5.8625,ZINC,0,80,motif_entropy,test,,,
3.321316653214868,1.0,24.75,1.0,1.0,1.0,0.10335813492063492,23.075,35.65,0.5219978027855817,0.0,1.0,9.125,8.8125,ZINC,0,80,motif_hybrid,test,,,
